num_pozo,nom_pozo,cve_acui,nom_acuif,nom_edo,latitud,longitud,elev_brocal_m,anio_primero,anio_ultimo,pne_primero_m,pne_ultimo_m,delta_pne_m,anios_span,tasa_abatimiento_m_anio,n_obs,en_bbox_piloto,nivel_estres
5082,0.6381,0901,ZONA METROPOLITANA DE LA CD. DE MÉXICO,Ciudad de México,19.352678,-99.160169,2252.0,1997.0,2020.0,57.82,88.18,30.360000000000007,23.0,1.3200000000000003,18.0,True,ALTO
5086,0.64319999999999999,0901,ZONA METROPOLITANA DE LA CD. DE MÉXICO,Ciudad de México,19.401781,-99.176152,2242.0,1997.0,2011.0,48.24,65.0,16.759999999999998,14.0,1.197142857142857,9.0,True,ALTO
5100,.114-B,0901,ZONA METROPOLITANA DE LA CD. DE MÉXICO,Ciudad de México,19.297525,-99.209399,2381.0,1998.0,2025.0,63.33,85.0,21.67,27.0,0.8025925925925926,20.0,True,MEDIO
5078,0.2616,0901,ZONA METROPOLITANA DE LA CD. DE MÉXICO,Ciudad de México,19.293057,-99.178222,2283.0,1998.0,2025.0,51.34,73.0,21.659999999999997,27.0,0.8022222222222221,8.0,True,MEDIO
5153,.RS-25,0901,ZONA METROPOLITANA DE LA CD. DE MÉXICO,Ciudad de México,19.3272,-99.16182,2261.0,1997.0,2007.0,64.16,71.25,7.090000000000003,10.0,0.7090000000000003,8.0,True,MEDIO
5135,.E-409,0901,ZONA METROPOLITANA DE LA CD. DE MÉXICO,Ciudad de México,19.410397,-99.158517,2231.0,1997.0,2025.0,39.87,53.6,13.730000000000004,28.0,0.490357142857143,5.0,True,MEDIO
5085,0.64019999999999999,0901,ZONA METROPOLITANA DE LA CD. DE MÉXICO,Ciudad de México,19.3575,-99.181667,2282.0,1996.0,2025.0,77.7,91.9,14.200000000000003,29.0,0.4896551724137932,21.0,True,MEDIO
5099,.113-B,0901,ZONA METROPOLITANA DE LA CD. DE MÉXICO,Ciudad de México,19.293171,-99.193462,2325.0,1997.0,2025.0,90.81,103.0,12.189999999999998,28.0,0.4353571428571428,20.0,True,MEDIO
5136,.FA-03V,0901,ZONA METROPOLITANA DE LA CD. DE MÉXICO,Ciudad de México,19.440717,-99.188953,2247.0,1996.0,2025.0,66.8,79.0,12.200000000000003,29.0,0.4206896551724139,24.0,True,MEDIO
5150,.RS-13,0901,ZONA METROPOLITANA DE LA CD. DE MÉXICO,Ciudad de México,19.29469,-99.15504,2247.39,1998.0,2011.0,61.32,66.0,4.68,13.0,0.36,9.0,True,MEDIO
5119,.B-107,0901,ZONA METROPOLITANA DE LA CD. DE MÉXICO,Ciudad de México,19.376278,-99.264194,2520.0,1997.0,2025.0,122.83,132.0,9.170000000000002,28.0,0.32750000000000007,20.0,True,MEDIO
5108,0.27879999999999999,0901,ZONA METROPOLITANA DE LA CD. DE MÉXICO,Ciudad de México,19.350044,-99.216342,2409.5,1996.0,2015.0,182.95,187.43,4.480000000000018,19.0,0.2357894736842115,20.0,True,LEVE
5151,.RS-17,0901,ZONA METROPOLITANA DE LA CD. DE MÉXICO,Ciudad de México,19.29998,-99.170779,2282.33,1998.0,2005.0,72.72,72.56,-0.1599999999999966,7.0,-0.02285714285714237,4.0,True,RECUPERACION_O_ESTABLE
5098,.102-B,0901,ZONA METROPOLITANA DE LA CD. DE MÉXICO,Ciudad de México,19.305947,-99.227097,2421.0,1996.0,2017.0,91.11,88.99,-2.1200000000000045,21.0,-0.10095238095238117,18.0,True,RECUPERACION_O_ESTABLE
5109,.2798V,0901,ZONA METROPOLITANA DE LA CD. DE MÉXICO,Ciudad de México,19.31119,-99.194569,2319.0,1996.0,2019.0,102.3,98.87,-3.4299999999999926,23.0,-0.14913043478260837,21.0,True,RECUPERACION_O_ESTABLE
5120,.B-643,0901,ZONA METROPOLITANA DE LA CD. DE MÉXICO,Ciudad de México,19.27644,-99.178235,2327.0,1996.0,2013.0,91.93,88.26,-3.6700000000000017,17.0,-0.21588235294117658,14.0,True,RECUPERACION_O_ESTABLE
5157,.HER-1,0901,ZONA METROPOLITANA DE LA CD. DE MÉXICO,Ciudad de México,19.420609,-99.24304,2330.0,1997.0,2019.0,92.26,83.33,-8.930000000000007,22.0,-0.4059090909090912,16.0,True,RECUPERACION_O_ESTABLE
5101,.133-B,0901,ZONA METROPOLITANA DE LA CD. DE MÉXICO,Ciudad de México,19.263652,-99.158865,2325.0,1996.0,2018.0,95.93,84.0,-11.930000000000007,22.0,-0.5422727272727276,11.0,True,RECUPERACION_O_ESTABLE
5077,0.26140000000000002,0901,ZONA METROPOLITANA DE LA CD. DE MÉXICO,Ciudad de México,19.277219,-99.167062,2290.0,1996.0,2019.0,49.43,32.35,-17.08,23.0,-0.7426086956521738,20.0,True,RECUPERACION_O_ESTABLE
5130,.C-333,0901,ZONA METROPOLITANA DE LA CD. DE MÉXICO,Ciudad de México,19.386519,-99.244294,2495.0,1996.0,2021.0,167.06,138.4,-28.659999999999997,25.0,-1.1463999999999999,24.0,True,RECUPERACION_O_ESTABLE
5081,0.27650000000000002,0901,ZONA METROPOLITANA DE LA CD. DE MÉXICO,Ciudad de México,19.341083,-99.201667,2318.0,1996.0,2025.0,100.87,50.0,-50.870000000000005,29.0,-1.754137931034483,10.0,True,RECUPERACION_O_ESTABLE
5152,.RS-20B,0901,ZONA METROPOLITANA DE LA CD. DE MÉXICO,Ciudad de México,19.299908,-99.189358,2316.0,1998.0,2007.0,79.71,62.7,-17.00999999999999,9.0,-1.889999999999999,5.0,True,RECUPERACION_O_ESTABLE
5163,13DFE100309/26HMGC18,0901,ZONA METROPOLITANA DE LA CD. DE MÉXICO,Ciudad de México,19.340972,-99.239694,2457.69,,,,,,,,1.0,True,SIN_SERIE
5167,13DFE100993/26FMDA15,0901,ZONA METROPOLITANA DE LA CD. DE MÉXICO,Ciudad de México,19.355278,-99.280556,2658.24,,,,,,,,1.0,True,SIN_SERIE
5170,Anexo 2.2,0901,ZONA METROPOLITANA DE LA CD. DE MÉXICO,Ciudad de México,19.430349,-99.244891,2394.3,,,,,,,,1.0,True,SIN_SERIE
5171,Anexo 2.1,0901,ZONA METROPOLITANA DE LA CD. DE MÉXICO,Ciudad de México,19.432676,-99.244446,2383.37,,,,,,,,1.0,True,SIN_SERIE
5175,Padierna Picacho,0901,ZONA METROPOLITANA DE LA CD. DE MÉXICO,Ciudad de México,19.301443,-99.220303,2429.01,,,,,,,,1.0,True,SIN_SERIE
5183,Pozo 3 Vivero Alto,0901,ZONA METROPOLITANA DE LA CD. DE MÉXICO,Ciudad de México,19.312903,-99.194855,2324.12,,,,,,,,1.0,True,SIN_SERIE
5184,Pozo 1 Quimica,0901,ZONA METROPOLITANA DE LA CD. DE MÉXICO,Ciudad de México,19.331217,-99.182298,2267.69,,,,,,,,1.0,True,SIN_SERIE
5185,ZMCM-02,0901,ZONA METROPOLITANA DE LA CD. DE MÉXICO,Ciudad de México,19.296472,-99.195222,2308.23,,,,,,,,1.0,True,SIN_SERIE
5194,Anexo 2.816 SACMEX,0901,ZONA METROPOLITANA DE LA CD. DE MÉXICO,Ciudad de México,19.406444,-99.189917,2266.55,,,,,,,,1.0,True,SIN_SERIE
5158,RSC-1,0901,ZONA METROPOLITANA DE LA CD. DE MÉXICO,Ciudad de México,19.296345,-98.987503,2257.0,2008.0,2009.0,62.25,66.13,3.8799999999999955,1.0,3.8799999999999955,2.0,False,ALTO
5145,.RN-18D,0901,ZONA METROPOLITANA DE LA CD. DE MÉXICO,Ciudad de México,19.272907,-99.044177,2248.0,2008.0,2019.0,57.08,98.79,41.71000000000001,11.0,3.7918181818181824,4.0,False,ALTO
5159,RSC-2,0901,ZONA METROPOLITANA DE LA CD. DE MÉXICO,Ciudad de México,19.2994,-98.984447,2254.0,2008.0,2019.0,65.84,101.02,35.17999999999999,11.0,3.1981818181818173,4.0,False,ALTO
5083,.83-B,0901,ZONA METROPOLITANA DE LA CD. DE MÉXICO,Ciudad de México,19.305715,-98.968445,2250.0,1997.0,2018.0,29.05,89.37,60.32000000000001,21.0,2.872380952380953,21.0,False,ALTO
5141,.RN-7B,0901,ZONA METROPOLITANA DE LA CD. DE MÉXICO,Ciudad de México,19.29443,-99.080494,2250.0,1996.0,2019.0,54.74,115.02,60.279999999999994,23.0,2.620869565217391,15.0,False,ALTO
8086,Pz-25,1501,VALLE DE TOLUCA,México,19.270117,-99.546867,2575.0,1996.0,1997.0,18.5,20.79,2.289999999999999,1.0,2.289999999999999,2.0,False,ALTO
5121,.B-806,0901,ZONA METROPOLITANA DE LA CD. DE MÉXICO,Ciudad de México,19.470332,-99.192985,2252.0,1996.0,2025.0,60.61,123.37,62.760000000000005,29.0,2.164137931034483,12.0,False,ALTO
5080,0.58209999999999995,0901,ZONA METROPOLITANA DE LA CD. DE MÉXICO,Ciudad de México,19.339194,-99.029444,2249.0,1996.0,2025.0,22.77,85.0,62.230000000000004,29.0,2.1458620689655175,18.0,False,ALTO
8109,Pz-64,1501,VALLE DE TOLUCA,México,19.480233,-99.673233,2571.57,1996.0,1997.0,39.91,41.93,2.020000000000003,1.0,2.020000000000003,2.0,False,ALTO
5084,.119-B,0901,ZONA METROPOLITANA DE LA CD. DE MÉXICO,Ciudad de México,19.319336,-98.939485,2251.0,1996.0,2024.0,35.9,89.15,53.25000000000001,28.0,1.9017857142857146,26.0,False,ALTO
5106,0.21929999999999999,0901,ZONA METROPOLITANA DE LA CD. DE MÉXICO,Ciudad de México,19.292161,-99.129196,2238.0,1997.0,2013.0,54.01,83.71,29.699999999999996,16.0,1.8562499999999997,10.0,False,ALTO
5115,.A-130,0901,ZONA METROPOLITANA DE LA CD. DE MÉXICO,Ciudad de México,19.578647,-99.199397,2263.3,1996.0,2025.0,65.96,117.82,51.86,29.0,1.7882758620689656,18.0,False,ALTO
8110,Pz-65,1501,VALLE DE TOLUCA,México,19.501983,-99.73555,2571.19,1996.0,1997.0,45.72,47.41,1.6899999999999977,1.0,1.6899999999999977,2.0,False,ALTO
5097,0.1971,0901,ZONA METROPOLITANA DE LA CD. DE MÉXICO,Ciudad de México,19.253461,-99.119289,2255.0,1997.0,2024.0,17.24,60.0,42.760000000000005,27.0,1.5837037037037038,26.0,False,ALTO
5094,.76-B,0901,ZONA METROPOLITANA DE LA CD. DE MÉXICO,Ciudad de México,19.510545,-99.064475,2238.0,1996.0,2014.0,34.15,61.83,27.68,18.0,1.5377777777777777,12.0,False,ALTO
5110,0.53110000000000002,0901,ZONA METROPOLITANA DE LA CD. DE MÉXICO,Ciudad de México,19.368494,-99.134448,2235.0,1997.0,2025.0,50.61,91.5,40.89,28.0,1.460357142857143,10.0,False,ALTO
8092,Pz-39,1501,VALLE DE TOLUCA,México,19.363933,-99.67165,2608.78,1996.0,1997.0,33.24,34.65,1.4099999999999966,1.0,1.4099999999999966,2.0,False,ALTO
5128,.BX-50V,0901,ZONA METROPOLITANA DE LA CD. DE MÉXICO,Ciudad de México,19.578748,-99.032809,2241.0,2000.0,2025.0,47.28,82.27,34.989999999999995,25.0,1.3995999999999997,19.0,False,ALTO
5122,.B-936,0901,ZONA METROPOLITANA DE LA CD. DE MÉXICO,Ciudad de México,19.343553,-98.961555,2258.0,1996.0,2019.0,57.86,89.87,32.010000000000005,23.0,1.3917391304347828,16.0,False,ALTO
5129,.BX-60,0901,ZONA METROPOLITANA DE LA CD. DE MÉXICO,Ciudad de México,19.537822,-99.055482,2238.0,1996.0,2025.0,45.36,84.5,39.14,29.0,1.349655172413793,19.0,False,ALTO
5087,0.65010000000000001,0901,ZONA METROPOLITANA DE LA CD. DE MÉXICO,Ciudad de México,19.517221,-99.077394,2230.0,1996.0,2025.0,33.62,72.12,38.50000000000001,29.0,1.327586206896552,10.0,False,ALTO
8084,Pz-21,1501,VALLE DE TOLUCA,México,19.256733,-99.661433,2705.95,1996.0,1997.0,89.98,91.26,1.2800000000000011,1.0,1.2800000000000011,2.0,False,ALTO
8089,Pz-35,1501,VALLE DE TOLUCA,México,19.331183,-99.613417,2600.97,1996.0,1997.0,35.68,36.91,1.2299999999999969,1.0,1.2299999999999969,2.0,False,ALTO
5072,0.20039999999999999,0901,ZONA METROPOLITANA DE LA CD. DE MÉXICO,Ciudad de México,19.245867,-99.102107,2275.0,1997.0,2025.0,34.83,68.5,33.67,28.0,1.2025000000000001,24.0,False,ALTO
5112,.5681-V,0901,ZONA METROPOLITANA DE LA CD. DE MÉXICO,Ciudad de México,19.342859,-99.103349,2252.0,1996.0,2023.0,67.93,100.24,32.30999999999999,27.0,1.1966666666666663,22.0,False,ALTO
5127,.BX-50,0901,ZONA METROPOLITANA DE LA CD. DE MÉXICO,Ciudad de México,19.580646,-99.030874,2237.2,1996.0,2001.0,45.58,51.43,5.850000000000001,5.0,1.1700000000000004,6.0,False,ALTO
5093,0.81379999999999997,0901,ZONA METROPOLITANA DE LA CD. DE MÉXICO,Ciudad de México,19.532056,-99.075114,2239.0,1996.0,2025.0,48.34,82.27,33.92999999999999,29.0,1.1699999999999997,30.0,False,ALTO
5155,.RM-1B,0901,ZONA METROPOLITANA DE LA CD. DE MÉXICO,Ciudad de México,19.302163,-98.968265,2239.0,1997.0,2016.0,41.22,62.4,21.18,19.0,1.1147368421052632,15.0,False,ALTO
5156,.RM-11,0901,ZONA METROPOLITANA DE LA CD. DE MÉXICO,Ciudad de México,19.264713,-98.973982,2229.0,1996.0,2012.0,33.27,51.07,17.799999999999997,16.0,1.1124999999999998,14.0,False,ALTO
5143,.RN-14C,0901,ZONA METROPOLITANA DE LA CD. DE MÉXICO,Ciudad de México,19.280376,-99.06012,2240.0,2005.0,2019.0,56.26,71.26,15.000000000000007,14.0,1.0714285714285718,4.0,False,ALTO
5148,.RS-7B,0901,ZONA METROPOLITANA DE LA CD. DE MÉXICO,Ciudad de México,19.284543,-99.128458,2243.0,1997.0,2006.0,56.04,65.46,9.419999999999995,9.0,1.046666666666666,5.0,False,ALTO
5114,.511V,0901,ZONA METROPOLITANA DE LA CD. DE MÉXICO,Ciudad de México,19.520438,-99.0915,2240.0,1996.0,2015.0,41.68,60.9,19.22,19.0,1.011578947368421,18.0,False,ALTO
8098,Pz-48,1501,VALLE DE TOLUCA,México,19.400183,-99.54615,2572.33,1996.0,1997.0,31.59,32.6,1.0100000000000016,1.0,1.0100000000000016,2.0,False,ALTO
5079,0.27550000000000002,0901,ZONA METROPOLITANA DE LA CD. DE MÉXICO,Ciudad de México,19.319722,-99.145861,2252.0,1996.0,2025.0,65.83,94.0,28.17,29.0,0.9713793103448276,14.0,False,MEDIO
8073,Pz-03,1501,VALLE DE TOLUCA,México,19.116183,-99.519717,2573.33,1996.0,1997.0,29.9,30.86,0.9600000000000009,1.0,0.9600000000000009,2.0,False,MEDIO
5144,.RN-15B,0901,ZONA METROPOLITANA DE LA CD. DE MÉXICO,Ciudad de México,19.27829,-99.056113,2249.0,2008.0,2019.0,58.96,69.02,10.059999999999995,11.0,0.9145454545454541,6.0,False,MEDIO
8083,Pz-20,1501,VALLE DE TOLUCA,México,19.2495,-99.609733,2628.09,1996.0,1997.0,35.05,35.96,0.9100000000000037,1.0,0.9100000000000037,2.0,False,MEDIO
5111,0.55449999999999999,0901,ZONA METROPOLITANA DE LA CD. DE MÉXICO,Ciudad de México,19.356464,-99.142322,2238.0,1996.0,2025.0,55.03,80.4,25.370000000000005,29.0,0.8748275862068967,15.0,False,MEDIO
8072,Pz-02,1501,VALLE DE TOLUCA,México,19.100433,-99.5865,2599.87,1996.0,1997.0,38.11,38.96,0.8500000000000014,1.0,0.8500000000000014,2.0,False,MEDIO
5139,.RN-2B,0901,ZONA METROPOLITANA DE LA CD. DE MÉXICO,Ciudad de México,19.307367,-99.091162,2250.0,1996.0,2019.0,53.56,72.95,19.39,23.0,0.8430434782608696,20.0,False,MEDIO
5107,0.25990000000000002,0901,ZONA METROPOLITANA DE LA CD. DE MÉXICO,Ciudad de México,19.326361,-99.091972,2249.0,1997.0,2025.0,65.24,88.0,22.760000000000005,28.0,0.8128571428571431,24.0,False,MEDIO
8103,Pz-56,1501,VALLE DE TOLUCA,México,19.431233,-99.859983,2589.06,1996.0,1997.0,28.6,29.4,0.7999999999999972,1.0,0.7999999999999972,2.0,False,MEDIO
5146,.RS-1B,0901,ZONA METROPOLITANA DE LA CD. DE MÉXICO,Ciudad de México,19.298604,-99.101189,2240.0,1997.0,2007.0,52.9,60.69,7.789999999999999,10.0,0.7789999999999999,9.0,False,MEDIO
5140,.RN-4,0901,ZONA METROPOLITANA DE LA CD. DE MÉXICO,Ciudad de México,19.302778,-99.086524,2250.0,1996.0,2019.0,55.62,73.39,17.770000000000003,23.0,0.772608695652174,19.0,False,MEDIO
5125,.BG-99V,0901,ZONA METROPOLITANA DE LA CD. DE MÉXICO,Ciudad de México,19.541327,-99.217331,2274.0,2001.0,2025.0,70.92,88.69,17.769999999999996,24.0,0.7404166666666665,16.0,False,MEDIO
5161,RSC-5,0901,ZONA METROPOLITANA DE LA CD. DE MÉXICO,Ciudad de México,19.295234,-98.995279,2251.0,2008.0,2019.0,72.27,80.25,7.980000000000004,11.0,0.7254545454545458,4.0,False,MEDIO
5147,.RS-5B,0901,ZONA METROPOLITANA DE LA CD. DE MÉXICO,Ciudad de México,19.28642,-99.118608,2238.0,1997.0,2011.0,51.71,61.7,9.990000000000002,14.0,0.7135714285714287,10.0,False,MEDIO
8074,Pz-04,1501,VALLE DE TOLUCA,México,19.126367,-99.629683,2710.0,1996.0,1997.0,137.5,138.19,0.6899999999999977,1.0,0.6899999999999977,2.0,False,MEDIO
5154,.RS-31B,0901,ZONA METROPOLITANA DE LA CD. DE MÉXICO,Ciudad de México,19.298234,-99.141803,2247.0,1997.0,2007.0,63.61,70.37,6.760000000000005,10.0,0.6760000000000005,6.0,False,MEDIO
5113,.5977-V,0901,ZONA METROPOLITANA DE LA CD. DE MÉXICO,Ciudad de México,19.357667,-99.072278,2240.0,1996.0,2025.0,54.12,73.0,18.880000000000003,29.0,0.6510344827586207,22.0,False,MEDIO
5105,.2157-V,0901,ZONA METROPOLITANA DE LA CD. DE MÉXICO,Ciudad de México,19.253111,-99.021389,2255.0,1996.0,2025.0,38.64,57.4,18.759999999999998,29.0,0.6468965517241378,27.0,False,MEDIO
5073,0.21460000000000001,0901,ZONA METROPOLITANA DE LA CD. DE MÉXICO,Ciudad de México,19.209528,-98.969472,2283.0,1996.0,2025.0,31.35,50.0,18.65,29.0,0.643103448275862,28.0,False,MEDIO
5075,0.2235,0901,ZONA METROPOLITANA DE LA CD. DE MÉXICO,Ciudad de México,19.219781,-98.991076,2254.0,1996.0,2023.0,31.91,48.15,16.24,27.0,0.6014814814814814,27.0,False,MEDIO
8107,Pz-61,1501,VALLE DE TOLUCA,México,19.458467,-99.714717,2573.56,1996.0,1997.0,42.66,43.26,0.6000000000000014,1.0,0.6000000000000014,2.0,False,MEDIO
5123,.BG-60,0901,ZONA METROPOLITANA DE LA CD. DE MÉXICO,Ciudad de México,19.573509,-99.235517,2303.5,1996.0,2022.0,76.07,91.58,15.510000000000005,26.0,0.5965384615384617,17.0,False,MEDIO
5160,RSC-4,0901,ZONA METROPOLITANA DE LA CD. DE MÉXICO,Ciudad de México,19.296849,-98.992298,2253.0,2008.0,2025.0,69.64,79.0,9.36,17.0,0.5505882352941176,8.0,False,MEDIO
8079,Pz-14,1501,VALLE DE TOLUCA,México,19.206667,-99.5874,2604.15,1996.0,1997.0,8.26,8.8,0.5400000000000009,1.0,0.5400000000000009,2.0,False,MEDIO
8101,Pz-52,1501,VALLE DE TOLUCA,México,19.41495,-99.79465,2595.5,1996.0,1997.0,36.65,37.14,0.490000000000002,1.0,0.490000000000002,2.0,False,MEDIO
8087,Pz-29,1501,VALLE DE TOLUCA,México,19.291933,-99.641333,2642.93,1996.0,1997.0,64.4,64.89,0.4899999999999949,1.0,0.4899999999999949,2.0,False,MEDIO
5076,0.22389999999999999,0901,ZONA METROPOLITANA DE LA CD. DE MÉXICO,Ciudad de México,19.241642,-98.985918,2273.0,1996.0,2023.0,42.99,56.1,13.11,27.0,0.4855555555555555,24.0,False,MEDIO
5074,0.2147,0901,ZONA METROPOLITANA DE LA CD. DE MÉXICO,Ciudad de México,19.207046,-98.983095,2263.0,1997.0,2024.0,33.04,46.0,12.96,27.0,0.48000000000000004,27.0,False,MEDIO
5142,.RN-10BIS,0901,ZONA METROPOLITANA DE LA CD. DE MÉXICO,Ciudad de México,19.286409,-99.071801,2250.0,1996.0,2009.0,61.82,67.95,6.130000000000003,13.0,0.47153846153846174,12.0,False,MEDIO
5134,.DX-96,0901,ZONA METROPOLITANA DE LA CD. DE MÉXICO,Ciudad de México,19.466244,-99.216953,2267.0,1996.0,2015.0,80.76,89.46,8.699999999999989,19.0,0.4578947368421047,14.0,False,MEDIO
5090,.6757V,0901,ZONA METROPOLITANA DE LA CD. DE MÉXICO,Ciudad de México,19.449944,-99.146944,2237.0,1996.0,2025.0,40.03,52.1,12.07,29.0,0.41620689655172416,20.0,False,MEDIO
5124,.BG-63,0901,ZONA METROPOLITANA DE LA CD. DE MÉXICO,Ciudad de México,19.570731,-99.25172,2309.0,1996.0,2025.0,49.48,61.43,11.950000000000003,29.0,0.4120689655172415,26.0,False,MEDIO
5089,0.67500000000000004,0901,ZONA METROPOLITANA DE LA CD. DE MÉXICO,Ciudad de México,19.48057,-99.129669,2238.0,1996.0,2015.0,38.4,45.78,7.380000000000003,19.0,0.38842105263157906,19.0,False,MEDIO
5118,.AO-24,0901,ZONA METROPOLITANA DE LA CD. DE MÉXICO,Ciudad de México,19.538073,-99.154079,2249.0,1997.0,2024.0,33.02,43.41,10.389999999999993,27.0,0.38481481481481455,25.0,False,MEDIO
8077,Pz-11,1501,VALLE DE TOLUCA,México,19.192467,-99.536067,2573.58,1996.0,1997.0,6.7,7.06,0.35999999999999943,1.0,0.35999999999999943,2.0,False,MEDIO
8091,Pz-38,1501,VALLE DE TOLUCA,México,19.360317,-99.5426,2569.87,1996.0,1997.0,16.18,16.54,0.35999999999999943,1.0,0.35999999999999943,2.0,False,MEDIO
5104,2002,0901,ZONA METROPOLITANA DE LA CD. DE MÉXICO,Ciudad de México,19.253635,-99.062492,2240.0,1996.0,2025.0,37.05,46.7,9.650000000000006,29.0,0.3327586206896554,28.0,False,MEDIO
5117,.A-471,0901,ZONA METROPOLITANA DE LA CD. DE MÉXICO,Ciudad de México,19.499076,-99.238849,2280.0,1998.0,2024.0,83.39,91.24,7.849999999999994,26.0,0.3019230769230767,21.0,False,MEDIO
5116,.A-442,0901,ZONA METROPOLITANA DE LA CD. DE MÉXICO,Ciudad de México,19.486628,-99.247842,2272.0,1996.0,2025.0,68.6,77.22,8.620000000000005,29.0,0.297241379310345,21.0,False,LEVE
8108,Pz-63,1501,VALLE DE TOLUCA,México,19.477983,-99.800867,2555.02,1996.0,1997.0,25.4,25.68,0.28000000000000114,1.0,0.28000000000000114,2.0,False,LEVE
5092,0.80369999999999997,0901,ZONA METROPOLITANA DE LA CD. DE MÉXICO,Ciudad de México,19.521681,-99.122332,2248.0,1996.0,2025.0,45.24,53.24,8.0,29.0,0.27586206896551724,30.0,False,LEVE
5103,0.19969999999999999,0901,ZONA METROPOLITANA DE LA CD. DE MÉXICO,Ciudad de México,19.25449,-99.03714,2253.0,1996.0,2024.0,40.49,48.1,7.609999999999999,28.0,0.27178571428571424,21.0,False,LEVE
8105,Pz-58,1501,VALLE DE TOLUCA,México,19.449567,-99.556733,2617.03,1996.0,1997.0,66.96,67.23,0.27000000000001023,1.0,0.27000000000001023,2.0,False,LEVE
8080,Pz-15,1501,VALLE DE TOLUCA,México,19.212433,-99.628067,2694.01,1996.0,1997.0,81.6,81.86,0.2600000000000051,1.0,0.2600000000000051,2.0,False,LEVE
8097,Pz-47,1501,VALLE DE TOLUCA,México,19.39965,-99.7098,2600.55,1996.0,1997.0,37.52,37.78,0.259999999999998,1.0,0.259999999999998,2.0,False,LEVE
5126,.BO-67,0901,ZONA METROPOLITANA DE LA CD. DE MÉXICO,Ciudad de México,19.539269,-99.182889,2253.0,1996.0,2025.0,41.77,49.07,7.299999999999997,29.0,0.2517241379310344,29.0,False,LEVE
8104,Pz-57,1501,VALLE DE TOLUCA,México,19.432467,-99.908067,2575.6,1996.0,1997.0,8.6,8.85,0.25,1.0,0.25,2.0,False,LEVE
5096,.137-B,0901,ZONA METROPOLITANA DE LA CD. DE MÉXICO,Ciudad de México,19.526527,-99.266855,2370.0,1996.0,2018.0,90.07,93.78,3.710000000000008,22.0,0.168636363636364,18.0,False,LEVE
8100,Pz-51,1501,VALLE DE TOLUCA,México,19.41425,-99.48865,2605.0,1996.0,1997.0,52.21,52.31,0.10000000000000142,1.0,0.10000000000000142,2.0,False,LEVE
5091,.6878V,0901,ZONA METROPOLITANA DE LA CD. DE MÉXICO,Ciudad de México,19.476508,-99.103158,2235.0,2005.0,2025.0,40.62,42.5,1.8800000000000026,20.0,0.09400000000000013,14.0,False,LEVE
5095,.136-B,0901,ZONA METROPOLITANA DE LA CD. DE MÉXICO,Ciudad de México,19.540789,-99.233315,2265.0,1997.0,2008.0,37.28,37.46,0.17999999999999972,11.0,0.016363636363636337,10.0,False,LEVE
8071,Pz-01,1501,VALLE DE TOLUCA,México,19.099917,-99.533667,2565.0,1996.0,1997.0,27.92,27.93,0.00999999999999801,1.0,0.00999999999999801,2.0,False,LEVE
5133,.DX-86V,0901,ZONA METROPOLITANA DE LA CD. DE MÉXICO,Ciudad de México,19.5015,-99.202944,2250.0,1997.0,2025.0,63.33,63.0,-0.3299999999999983,28.0,-0.011785714285714224,22.0,False,RECUPERACION_O_ESTABLE
5088,0.66949999999999998,0901,ZONA METROPOLITANA DE LA CD. DE MÉXICO,Ciudad de México,19.466455,-99.079982,2234.0,1997.0,2025.0,19.06,18.3,-0.759999999999998,28.0,-0.027142857142857073,21.0,False,RECUPERACION_O_ESTABLE
8081,Pz-17,1501,VALLE DE TOLUCA,México,19.23315,-99.540083,2573.87,1996.0,1997.0,10.6,10.56,-0.03999999999999915,1.0,-0.03999999999999915,2.0,False,RECUPERACION_O_ESTABLE
5102,.134-B,0901,ZONA METROPOLITANA DE LA CD. DE MÉXICO,Ciudad de México,19.244545,-99.078576,2246.0,1997.0,2006.0,37.28,36.86,-0.4200000000000017,9.0,-0.046666666666666856,7.0,False,RECUPERACION_O_ESTABLE
8094,Pz-41,1501,VALLE DE TOLUCA,México,19.3685,-99.756233,2603.13,1996.0,1997.0,17.5,17.45,-0.05000000000000071,1.0,-0.05000000000000071,2.0,False,RECUPERACION_O_ESTABLE
8085,Pz-24,1501,VALLE DE TOLUCA,México,19.26775,-99.482383,2573.24,1996.0,1997.0,39.16,39.1,-0.05999999999999517,1.0,-0.05999999999999517,2.0,False,RECUPERACION_O_ESTABLE
5138,.HA-77V,0901,ZONA METROPOLITANA DE LA CD. DE MÉXICO,Ciudad de México,19.482665,-99.287727,2349.0,1996.0,2019.0,46.22,43.2,-3.019999999999996,23.0,-0.13130434782608677,23.0,False,RECUPERACION_O_ESTABLE
5132,.DW-47,0901,ZONA METROPOLITANA DE LA CD. DE MÉXICO,Ciudad de México,19.488,-99.200806,2250.0,1996.0,2025.0,67.25,63.0,-4.25,29.0,-0.14655172413793102,18.0,False,RECUPERACION_O_ESTABLE
8082,Pz-19,1501,VALLE DE TOLUCA,México,19.243767,-99.477783,2571.57,1996.0,1997.0,38.38,38.23,-0.15000000000000568,1.0,-0.15000000000000568,2.0,False,RECUPERACION_O_ESTABLE
5149,.RS-11,0901,ZONA METROPOLITANA DE LA CD. DE MÉXICO,Ciudad de México,19.285333,-99.147731,2253.0,1997.0,2007.0,66.56,64.48,-2.0799999999999983,10.0,-0.20799999999999982,5.0,False,RECUPERACION_O_ESTABLE
5131,.C-411V,0901,ZONA METROPOLITANA DE LA CD. DE MÉXICO,Ciudad de México,19.537556,-99.143497,2251.0,1996.0,2025.0,12.75,4.79,-7.96,29.0,-0.27448275862068966,28.0,False,RECUPERACION_O_ESTABLE
5137,.FC-96,0901,ZONA METROPOLITANA DE LA CD. DE MÉXICO,Ciudad de México,19.479445,-99.168488,2250.0,1996.0,2018.0,63.88,56.02,-7.859999999999999,22.0,-0.35727272727272724,19.0,False,RECUPERACION_O_ESTABLE
8106,Pz-60,1501,VALLE DE TOLUCA,México,19.457733,-99.746067,2563.52,1996.0,1997.0,30.59,30.22,-0.370000000000001,1.0,-0.370000000000001,2.0,False,RECUPERACION_O_ESTABLE
8088,Pz-32,1501,VALLE DE TOLUCA,México,19.317817,-99.731967,2690.72,1996.0,1997.0,95.82,95.42,-0.3999999999999915,1.0,-0.3999999999999915,2.0,False,RECUPERACION_O_ESTABLE
8111,Pz-36,1501,VALLE DE TOLUCA,México,19.522767,-99.7432,2564.52,1996.0,1997.0,46.28,45.77,-0.509999999999998,1.0,-0.509999999999998,2.0,False,RECUPERACION_O_ESTABLE
8090,Pz-36,1501,VALLE DE TOLUCA,México,19.34535,-99.801683,2639.97,1996.0,1997.0,24.86,24.26,-0.5999999999999979,1.0,-0.5999999999999979,2.0,False,RECUPERACION_O_ESTABLE
8095,Pz-44,1501,VALLE DE TOLUCA,México,19.39015,-99.64385,2585.82,1996.0,1997.0,25.85,25.19,-0.6600000000000001,1.0,-0.6600000000000001,2.0,False,RECUPERACION_O_ESTABLE
8093,Pz-40,1501,VALLE DE TOLUCA,México,19.364267,-99.49365,2575.1,1996.0,1997.0,35.3,34.46,-0.8399999999999963,1.0,-0.8399999999999963,2.0,False,RECUPERACION_O_ESTABLE
8075,Pz-08,1501,VALLE DE TOLUCA,México,19.16885,-99.498133,2572.27,1996.0,1997.0,22.8,21.96,-0.8399999999999999,1.0,-0.8399999999999999,2.0,False,RECUPERACION_O_ESTABLE
8096,Pz-46,1501,VALLE DE TOLUCA,México,19.396533,-99.49745,2579.82,1996.0,1997.0,37.38,36.38,-1.0,1.0,-1.0,2.0,False,RECUPERACION_O_ESTABLE
8099,Pz-49,1501,VALLE DE TOLUCA,México,19.4011,-99.851217,2588.21,1996.0,1997.0,11.06,9.94,-1.120000000000001,1.0,-1.120000000000001,2.0,False,RECUPERACION_O_ESTABLE
5162,13DFE100309/26HMGC18,0901,ZONA METROPOLITANA DE LA CD. DE MÉXICO,Ciudad de México,19.384056,-99.031222,2224.53,,,,,,,,1.0,False,SIN_SERIE
5164,13DFE100309/26HMGC18,0901,ZONA METROPOLITANA DE LA CD. DE MÉXICO,Ciudad de México,19.420556,-99.075278,2225.72,,,,,,,,1.0,False,SIN_SERIE
5165,Pozo R. 25,0901,ZONA METROPOLITANA DE LA CD. DE MÉXICO,Ciudad de México,19.200078,-99.012065,2339.38,,,,,,,,1.0,False,SIN_SERIE
5166,San Pedro Actopan,0901,ZONA METROPOLITANA DE LA CD. DE MÉXICO,Ciudad de México,19.211892,-99.048875,2431.92,,,,,,,,1.0,False,SIN_SERIE
5168,NEZA A 24,0901,ZONA METROPOLITANA DE LA CD. DE MÉXICO,Ciudad de México,19.302949,-99.085964,2234.48,,,,,,,,1.0,False,SIN_SERIE
5169,Pozo No. 3,0901,ZONA METROPOLITANA DE LA CD. DE MÉXICO,Ciudad de México,19.227367,-98.993995,2251.43,,,,,,,,1.0,False,SIN_SERIE
5172,Tecomitl 22,0901,ZONA METROPOLITANA DE LA CD. DE MÉXICO,Ciudad de México,19.220043,-98.99593,2268.3,,,,,,,,1.0,False,SIN_SERIE
5173,TECOMITL 4,0901,ZONA METROPOLITANA DE LA CD. DE MÉXICO,Ciudad de México,19.222528,-98.993028,2246.45,,,,,,,,1.0,False,SIN_SERIE
5174,Tecomitl 15,0901,ZONA METROPOLITANA DE LA CD. DE MÉXICO,Ciudad de México,19.207722,-98.978889,2250.46,,,,,,,,1.0,False,SIN_SERIE
5176,Boehringer Ingelheim,0901,ZONA METROPOLITANA DE LA CD. DE MÉXICO,Ciudad de México,19.251119,-99.113628,2245.69,,,,,,,,1.0,False,SIN_SERIE
5177,San Luis 18,0901,ZONA METROPOLITANA DE LA CD. DE MÉXICO,Ciudad de México,19.250357,-99.070858,2244.9,,,,,,,,1.0,False,SIN_SERIE
5178,PN_OBS_001,0901,ZONA METROPOLITANA DE LA CD. DE MÉXICO,Ciudad de México,19.254649,-99.066802,2243.26,,,,,,,,1.0,False,SIN_SERIE
5179,ZMCM-01,0901,ZONA METROPOLITANA DE LA CD. DE MÉXICO,Ciudad de México,19.50998,-99.225243,2267.18,,,,,,,,1.0,False,SIN_SERIE
5180,Satélite pozo 2,0901,ZONA METROPOLITANA DE LA CD. DE MÉXICO,Ciudad de México,19.506925,-99.221591,2254.83,,,,,,,,1.0,False,SIN_SERIE
5181,.A-471 (Pozo Satélite 7),0901,ZONA METROPOLITANA DE LA CD. DE MÉXICO,Ciudad de México,19.504606,-99.225421,2260.77,,,,,,,,1.0,False,SIN_SERIE
5182,.137-B/2,0901,ZONA METROPOLITANA DE LA CD. DE MÉXICO,Ciudad de México,19.528934,-99.247479,2273.93,,,,,,,,1.0,False,SIN_SERIE
5186,ZMCM-03,0901,ZONA METROPOLITANA DE LA CD. DE MÉXICO,Ciudad de México,19.322194,-99.097028,2236.4,,,,,,,,1.0,False,SIN_SERIE
5187,ZMCM-04,0901,ZONA METROPOLITANA DE LA CD. DE MÉXICO,Ciudad de México,19.361222,-99.071083,2231.08,,,,,,,,1.0,False,SIN_SERIE
5188,.5311/2,0901,ZONA METROPOLITANA DE LA CD. DE MÉXICO,Ciudad de México,19.380058,-99.134722,2229.29,,,,,,,,1.0,False,SIN_SERIE
5189,ZMCM-05,0901,ZONA METROPOLITANA DE LA CD. DE MÉXICO,Ciudad de México,19.430556,-99.105,2226.41,,,,,,,,1.0,False,SIN_SERIE
5190,ZMCM-06,0901,ZONA METROPOLITANA DE LA CD. DE MÉXICO,Ciudad de México,19.233333,-99.130333,2361.07,,,,,,,,1.0,False,SIN_SERIE
5191,ZMCM-07,0901,ZONA METROPOLITANA DE LA CD. DE MÉXICO,Ciudad de México,19.484722,-99.199722,2245.64,,,,,,,,1.0,False,SIN_SERIE
5192,ZMCM-08,0901,ZONA METROPOLITANA DE LA CD. DE MÉXICO,Ciudad de México,19.496194,-99.201194,2245.47,,,,,,,,1.0,False,SIN_SERIE
5193,ZMCM-09,0901,ZONA METROPOLITANA DE LA CD. DE MÉXICO,Ciudad de México,19.47825,-99.163556,2234.13,,,,,,,,1.0,False,SIN_SERIE
5195,Balneario Ojo de agua,0901,ZONA METROPOLITANA DE LA CD. DE MÉXICO,Ciudad de México,19.477318,-99.297328,2392.09,,,,,,,,1.0,False,SIN_SERIE
8076,Pz-09,1501,VALLE DE TOLUCA,México,19.16955,-99.57235,2586.56,,,,,,,,1.0,False,SIN_SERIE
8078,Pz-12,1501,VALLE DE TOLUCA,México,19.1958,-99.490433,2574.88,,,,,,,,1.0,False,SIN_SERIE
8102,Pz-54,1501,VALLE DE TOLUCA,México,19.421717,-99.57855,2583.18,,,,,,,,1.0,False,SIN_SERIE
8112,No. 44 Las Torrecillas,1501,VALLE DE TOLUCA,México,19.265521,-99.600202,2612.8,,,,,,,,1.0,False,SIN_SERIE
8113,No. 7,1501,VALLE DE TOLUCA,México,19.267583,-99.593682,2606.3,,,,,,,,1.0,False,SIN_SERIE
8114,No. 11 Las Marinas,1501,VALLE DE TOLUCA,México,19.274825,-99.597363,2607.8,,,,,,,,1.0,False,SIN_SERIE
8115,No. 15 Tollocan,1501,VALLE DE TOLUCA,México,19.286302,-99.58947,2596.4,,,,,,,,1.0,False,SIN_SERIE
8116,Barrio Canaleja o Zacatipan,1501,VALLE DE TOLUCA,México,19.328417,-99.597458,2594.5,,,,,,,,1.0,False,SIN_SERIE
8117,Bicentenario Otzacatipan,1501,VALLE DE TOLUCA,México,19.315878,-99.599516,2595.5,,,,,,,,1.0,False,SIN_SERIE
8118,Geovillas San Mateo,1501,VALLE DE TOLUCA,México,19.318136,-99.594688,2593.4,,,,,,,,1.0,False,SIN_SERIE
8119,Fuentes de la Independencia,1501,VALLE DE TOLUCA,México,19.310649,-99.59807,2597.0,,,,,,,,1.0,False,SIN_SERIE
8120,Departamento Tecnico,1501,VALLE DE TOLUCA,México,19.280747,-99.65388,2667.7,,,,,,,,1.0,False,SIN_SERIE
8121,Parque Metropolitano 1,1501,VALLE DE TOLUCA,México,19.270903,-99.655021,2681.6,,,,,,,,1.0,False,SIN_SERIE
8122,Parque Metropolitano 2,1501,VALLE DE TOLUCA,México,19.269497,-99.65173,2678.6,,,,,,,,1.0,False,SIN_SERIE
8123,Moderna de la Cruz,1501,VALLE DE TOLUCA,México,19.265438,-99.656326,2689.7,,,,,,,,1.0,False,SIN_SERIE
8124,Panteon Municipal,1501,VALLE DE TOLUCA,México,19.257925,-99.643837,2674.5,,,,,,,,1.0,False,SIN_SERIE
8125,Magdalena Ocotitlan,1501,VALLE DE TOLUCA,México,19.269332,-99.63909,2660.2,,,,,,,,1.0,False,SIN_SERIE
8126,Valle Don Camilo,1501,VALLE DE TOLUCA,México,19.275916,-99.636538,2650.1,,,,,,,,1.0,False,SIN_SERIE
8127,Pozo 2,1501,VALLE DE TOLUCA,México,19.292376,-99.57251,2586.6,,,,,,,,1.0,False,SIN_SERIE
8128,Pozo 1,1501,VALLE DE TOLUCA,México,19.294639,-99.571018,2586.4,,,,,,,,1.0,False,SIN_SERIE
8129,Pozo 3,1501,VALLE DE TOLUCA,México,19.293336,-99.572502,2586.9,,,,,,,,1.0,False,SIN_SERIE
8130,Pozo 1,1501,VALLE DE TOLUCA,México,19.295432,-99.618451,2616.5,,,,,,,,1.0,False,SIN_SERIE
8131,Pozo 2,1501,VALLE DE TOLUCA,México,19.295461,-99.61984,2617.6,,,,,,,,1.0,False,SIN_SERIE
8132,Pozo 3,1501,VALLE DE TOLUCA,México,19.297114,-99.619802,2618.3,,,,,,,,1.0,False,SIN_SERIE
8133,Pozo 1,1501,VALLE DE TOLUCA,México,19.288172,-99.551678,2578.4,,,,,,,,1.0,False,SIN_SERIE
8134,Pozo 2,1501,VALLE DE TOLUCA,México,19.289551,-99.551127,2578.9,,,,,,,,1.0,False,SIN_SERIE
8135,Pozo 2,1501,VALLE DE TOLUCA,México,19.290052,-99.619569,2619.4,,,,,,,,1.0,False,SIN_SERIE
8136,Pozo 3,1501,VALLE DE TOLUCA,México,19.290607,-99.616656,2616.5,,,,,,,,1.0,False,SIN_SERIE
8137,Pozo 1,1501,VALLE DE TOLUCA,México,19.298597,-99.571386,2585.7,,,,,,,,1.0,False,SIN_SERIE
