num_pozo,nom_pozo,cve_acui,nom_acuif,nom_edo,latitud,longitud,anio_primero,anio_ultimo,pne_primero_m,pne_ultimo_m,delta_pne_m,tasa_abatimiento_m_anio,n_obs,nivel_estres,id_colonia,colonia,alcaldia,en_poniente,label,dist_colonia_m,en_bbox_piloto
5072,0.20039999999999999,0901,ZONA METROPOLITANA DE LA CD. DE MÉXICO,Ciudad de México,19.245867,-99.102107,1997.0,2025.0,34.83,68.5,33.67,1.2025000000000001,24,ALTO,13090.0,San Lorenzo Atemoaya,Xochimilco,False,San Lorenzo Atemoaya — Xochimilco,0.0,False
5073,0.21460000000000001,0901,ZONA METROPOLITANA DE LA CD. DE MÉXICO,Ciudad de México,19.209528,-98.969472,1996.0,2025.0,31.35,50.0,18.65,0.643103448275862,28,MEDIO,12682.0,Emiliano Zapata 1Ra Secc,Milpa Alta,False,Emiliano Zapata 1Ra Secc — Milpa Alta,0.0,False
5074,0.2147,0901,ZONA METROPOLITANA DE LA CD. DE MÉXICO,Ciudad de México,19.207046,-98.983095,1997.0,2024.0,33.04,46.0,12.96,0.48000000000000004,27,MEDIO,12556.0,Noxalco,Milpa Alta,False,Noxalco — Milpa Alta,0.0,False
5075,0.2235,0901,ZONA METROPOLITANA DE LA CD. DE MÉXICO,Ciudad de México,19.219781,-98.991076,1996.0,2023.0,31.91,48.15,16.24,0.6014814814814814,27,MEDIO,12552.0,Barrio Xaltipac,Milpa Alta,False,Barrio Xaltipac — Milpa Alta,0.0,False
5076,0.22389999999999999,0901,ZONA METROPOLITANA DE LA CD. DE MÉXICO,Ciudad de México,19.241642,-98.985918,1996.0,2023.0,42.99,56.1,13.11,0.4855555555555555,24,MEDIO,12661.0,La Asuncion,Tlahuac,False,La Asuncion — Tlahuac,0.0,False
5077,0.26140000000000002,0901,ZONA METROPOLITANA DE LA CD. DE MÉXICO,Ciudad de México,19.277219,-99.167062,1996.0,2019.0,49.43,32.35,-17.08,-0.7426086956521738,20,RECUPERACION_O_ESTABLE,12880.0,Chimalcoyotl,Tlalpan,False,Chimalcoyotl — Tlalpan,0.0,False
5078,0.2616,0901,ZONA METROPOLITANA DE LA CD. DE MÉXICO,Ciudad de México,19.293057,-99.178222,1998.0,2025.0,51.34,73.0,21.659999999999997,0.8022222222222221,8,MEDIO,12686.0,Tlalpan Centro I,Tlalpan,False,Tlalpan Centro I — Tlalpan,0.0,False
5079,0.27550000000000002,0901,ZONA METROPOLITANA DE LA CD. DE MÉXICO,Ciudad de México,19.319722,-99.145861,1996.0,2025.0,65.83,94.0,28.17,0.9713793103448276,14,MEDIO,11670.0,San Pablo Tepetlapa,Coyoacan,False,San Pablo Tepetlapa — Coyoacan,0.0,False
5080,0.58209999999999995,0901,ZONA METROPOLITANA DE LA CD. DE MÉXICO,Ciudad de México,19.339194,-99.029444,1996.0,2025.0,22.77,85.0,62.230000000000004,2.1458620689655175,18,ALTO,12305.0,Reforma Politica,Iztapalapa,False,Reforma Politica — Iztapalapa,0.0,False
5081,0.27650000000000002,0901,ZONA METROPOLITANA DE LA CD. DE MÉXICO,Ciudad de México,19.341083,-99.201667,1996.0,2025.0,100.87,50.0,-50.870000000000005,-1.754137931034483,10,RECUPERACION_O_ESTABLE,11080.0,Progreso,Alvaro Obregon,True,Progreso — Alvaro Obregon,0.0,True
5082,0.6381,0901,ZONA METROPOLITANA DE LA CD. DE MÉXICO,Ciudad de México,19.352678,-99.160169,1997.0,2020.0,57.82,88.18,30.360000000000007,1.3200000000000003,18,ALTO,11559.0,Del Carmen,Coyoacan,False,Del Carmen — Coyoacan,0.0,False
5083,.83-B,0901,ZONA METROPOLITANA DE LA CD. DE MÉXICO,Ciudad de México,19.305715,-98.968445,1997.0,2018.0,29.05,89.37,60.32000000000001,2.872380952380953,21,ALTO,12598.0,San Miguel Yecahuizotl,Tlahuac,False,San Miguel Yecahuizotl — Tlahuac,0.0,False
5085,0.64019999999999999,0901,ZONA METROPOLITANA DE LA CD. DE MÉXICO,Ciudad de México,19.3575,-99.181667,1996.0,2025.0,77.7,91.9,14.200000000000003,0.4896551724137932,21,MEDIO,11069.0,Florida,Alvaro Obregon,True,Florida — Alvaro Obregon,0.0,True
5086,0.64319999999999999,0901,ZONA METROPOLITANA DE LA CD. DE MÉXICO,Ciudad de México,19.401781,-99.176152,1997.0,2011.0,48.24,65.0,16.759999999999998,1.197142857142857,9,ALTO,12531.0,Escandon,Miguel Hidalgo,True,Escandon — Miguel Hidalgo,0.0,True
5088,0.66949999999999998,0901,ZONA METROPOLITANA DE LA CD. DE MÉXICO,Ciudad de México,19.466455,-99.079982,1997.0,2025.0,19.06,18.3,-0.759999999999998,-0.027142857142857073,21,RECUPERACION_O_ESTABLE,12066.0,San Juan De Aragon Ejidos 2Da Secc,Gustavo A. Madero,False,San Juan De Aragon Ejidos 2Da Secc — Gustavo A. Madero,0.0,False
5089,0.67500000000000004,0901,ZONA METROPOLITANA DE LA CD. DE MÉXICO,Ciudad de México,19.48057,-99.129669,1996.0,2015.0,38.4,45.78,7.380000000000003,0.38842105263157906,19,MEDIO,12054.0,Guadalupe Insurgentes,Gustavo A. Madero,False,Guadalupe Insurgentes — Gustavo A. Madero,0.0,False
5090,.6757V,0901,ZONA METROPOLITANA DE LA CD. DE MÉXICO,Ciudad de México,19.449944,-99.146944,1996.0,2025.0,40.03,52.1,12.07,0.41620689655172416,20,MEDIO,11812.0,Buenavista,Cuauhtemoc,False,Buenavista — Cuauhtemoc,0.0,False
5091,.6878V,0901,ZONA METROPOLITANA DE LA CD. DE MÉXICO,Ciudad de México,19.476508,-99.103158,2005.0,2025.0,40.62,42.5,1.8800000000000026,0.09400000000000013,14,LEVE,11976.0,Ampl San Juan De Aragon,Gustavo A. Madero,False,Ampl San Juan De Aragon — Gustavo A. Madero,0.0,False
5092,0.80369999999999997,0901,ZONA METROPOLITANA DE LA CD. DE MÉXICO,Ciudad de México,19.521681,-99.122332,1996.0,2025.0,45.24,53.24,8.0,0.27586206896551724,30,LEVE,11947.0,Guadalupe Ticoman,Gustavo A. Madero,False,Guadalupe Ticoman — Gustavo A. Madero,332.405005073921,False
5097,0.1971,0901,ZONA METROPOLITANA DE LA CD. DE MÉXICO,Ciudad de México,19.253461,-99.119289,1997.0,2024.0,17.24,60.0,42.760000000000005,1.5837037037037038,26,ALTO,13077.0,La Concha,Xochimilco,False,La Concha — Xochimilco,0.0,False
5098,.102-B,0901,ZONA METROPOLITANA DE LA CD. DE MÉXICO,Ciudad de México,19.305947,-99.227097,1996.0,2017.0,91.11,88.99,-2.1200000000000045,-0.10095238095238117,18,RECUPERACION_O_ESTABLE,12724.0,Fuentes Del Pedregal,Tlalpan,False,Fuentes Del Pedregal — Tlalpan,0.0,False
5099,.113-B,0901,ZONA METROPOLITANA DE LA CD. DE MÉXICO,Ciudad de México,19.293171,-99.193462,1997.0,2025.0,90.81,103.0,12.189999999999998,0.4353571428571428,20,MEDIO,12745.0,Bosque De Tlalpan,Tlalpan,False,Bosque De Tlalpan — Tlalpan,0.0,False
5100,.114-B,0901,ZONA METROPOLITANA DE LA CD. DE MÉXICO,Ciudad de México,19.297525,-99.209399,1998.0,2025.0,63.33,85.0,21.67,0.8025925925925926,20,MEDIO,12732.0,Jardines En La MontaãA,Tlalpan,False,Jardines En La MontaãA — Tlalpan,0.0,False
5101,.133-B,0901,ZONA METROPOLITANA DE LA CD. DE MÉXICO,Ciudad de México,19.263652,-99.158865,1996.0,2018.0,95.93,84.0,-11.930000000000007,-0.5422727272727276,11,RECUPERACION_O_ESTABLE,12888.0,Valle Verde,Tlalpan,False,Valle Verde — Tlalpan,0.0,False
5102,.134-B,0901,ZONA METROPOLITANA DE LA CD. DE MÉXICO,Ciudad de México,19.244545,-99.078576,1997.0,2006.0,37.28,36.86,-0.4200000000000017,-0.046666666666666856,7,RECUPERACION_O_ESTABLE,13112.0,La Planta,Xochimilco,False,La Planta — Xochimilco,0.0,False
5103,0.19969999999999999,0901,ZONA METROPOLITANA DE LA CD. DE MÉXICO,Ciudad de México,19.25449,-99.03714,1996.0,2024.0,40.49,48.1,7.609999999999999,0.27178571428571424,21,LEVE,13121.0,Guadalupana,Xochimilco,False,Guadalupana — Xochimilco,0.0,False
5104,2002,0901,ZONA METROPOLITANA DE LA CD. DE MÉXICO,Ciudad de México,19.253635,-99.062492,1996.0,2025.0,37.05,46.7,9.650000000000006,0.3327586206896554,28,MEDIO,13123.0,San Juan Moyotepec,Xochimilco,False,San Juan Moyotepec — Xochimilco,0.0,False
5105,.2157-V,0901,ZONA METROPOLITANA DE LA CD. DE MÉXICO,Ciudad de México,19.253111,-99.021389,1996.0,2025.0,38.64,57.4,18.759999999999998,0.6468965517241378,27,MEDIO,13127.0,Del Carmen,Xochimilco,False,Del Carmen — Xochimilco,0.0,False
5106,0.21929999999999999,0901,ZONA METROPOLITANA DE LA CD. DE MÉXICO,Ciudad de México,19.292161,-99.129196,1997.0,2013.0,54.01,83.71,29.699999999999996,1.8562499999999997,10,ALTO,12818.0,Unid Hab Narciso Mendoza 5 Villa Coapa,Tlalpan,False,Unid Hab Narciso Mendoza 5 Villa Coapa — Tlalpan,0.0,False
5107,0.25990000000000002,0901,ZONA METROPOLITANA DE LA CD. DE MÉXICO,Ciudad de México,19.326361,-99.091972,1997.0,2025.0,65.24,88.0,22.760000000000005,0.8128571428571431,24,MEDIO,12383.0,Campestre Estrellas,Iztapalapa,False,Campestre Estrellas — Iztapalapa,0.0,False
5108,0.27879999999999999,0901,ZONA METROPOLITANA DE LA CD. DE MÉXICO,Ciudad de México,19.350044,-99.216342,1996.0,2015.0,182.95,187.43,4.480000000000018,0.2357894736842115,20,LEVE,11340.0,Parque Las Aguilas,Alvaro Obregon,True,Parque Las Aguilas — Alvaro Obregon,0.0,True
5109,.2798V,0901,ZONA METROPOLITANA DE LA CD. DE MÉXICO,Ciudad de México,19.31119,-99.194569,1996.0,2019.0,102.3,98.87,-3.4299999999999926,-0.14913043478260837,21,RECUPERACION_O_ESTABLE,11626.0,Ciudad Universitaria,Coyoacan,False,Ciudad Universitaria — Coyoacan,0.0,False
5110,0.53110000000000002,0901,ZONA METROPOLITANA DE LA CD. DE MÉXICO,Ciudad de México,19.368494,-99.134448,1997.0,2025.0,50.61,91.5,40.89,1.460357142857143,10,ALTO,12241.0,San Andres Tetepilco,Iztapalapa,False,San Andres Tetepilco — Iztapalapa,0.0,False
5111,0.55449999999999999,0901,ZONA METROPOLITANA DE LA CD. DE MÉXICO,Ciudad de México,19.356464,-99.142322,1996.0,2025.0,55.03,80.4,25.370000000000005,0.8748275862068967,15,MEDIO,11568.0,Churubusco Country Club,Coyoacan,False,Churubusco Country Club — Coyoacan,0.0,False
5112,.5681-V,0901,ZONA METROPOLITANA DE LA CD. DE MÉXICO,Ciudad de México,19.342859,-99.103349,1996.0,2023.0,67.93,100.24,32.30999999999999,1.1966666666666663,22,ALTO,12357.0,Z Urb Ej Los Reyes Culhuacan,Iztapalapa,False,Z Urb Ej Los Reyes Culhuacan — Iztapalapa,0.0,False
5113,.5977-V,0901,ZONA METROPOLITANA DE LA CD. DE MÉXICO,Ciudad de México,19.357667,-99.072278,1996.0,2025.0,54.12,73.0,18.880000000000003,0.6510344827586207,22,MEDIO,12209.0,La Purisima,Iztapalapa,False,La Purisima — Iztapalapa,0.0,False
5118,.AO-24,0901,ZONA METROPOLITANA DE LA CD. DE MÉXICO,Ciudad de México,19.538073,-99.154079,1997.0,2024.0,33.02,43.41,10.389999999999993,0.38481481481481455,25,MEDIO,11909.0,Solidaridad Nacional,Gustavo A. Madero,False,Solidaridad Nacional — Gustavo A. Madero,0.0,False
5119,.B-107,0901,ZONA METROPOLITANA DE LA CD. DE MÉXICO,Ciudad de México,19.376278,-99.264194,1997.0,2025.0,122.83,132.0,9.170000000000002,0.32750000000000007,20,MEDIO,11746.0,Lomas De Vista Hermosa,Cuajimalpa De Morelos,True,Lomas De Vista Hermosa — Cuajimalpa De Morelos,0.0,True
5120,.B-643,0901,ZONA METROPOLITANA DE LA CD. DE MÉXICO,Ciudad de México,19.27644,-99.178235,1996.0,2013.0,91.93,88.26,-3.6700000000000017,-0.21588235294117658,14,RECUPERACION_O_ESTABLE,12834.0,El Convento,Tlalpan,False,El Convento — Tlalpan,0.0,False
5121,.B-806,0901,ZONA METROPOLITANA DE LA CD. DE MÉXICO,Ciudad de México,19.470332,-99.192985,1996.0,2025.0,60.61,123.37,62.760000000000005,2.164137931034483,12,ALTO,12466.0,Refineria 18 De Marzo,Miguel Hidalgo,True,Refineria 18 De Marzo — Miguel Hidalgo,0.0,True
5126,.BO-67,0901,ZONA METROPOLITANA DE LA CD. DE MÉXICO,Ciudad de México,19.539269,-99.182889,1996.0,2025.0,41.77,49.07,7.299999999999997,0.2517241379310344,29,LEVE,11999.0,Santa Rosa,Gustavo A. Madero,False,Santa Rosa — Gustavo A. Madero,834.3097521002135,False
5130,.C-333,0901,ZONA METROPOLITANA DE LA CD. DE MÉXICO,Ciudad de México,19.386519,-99.244294,1996.0,2021.0,167.06,138.4,-28.659999999999997,-1.1463999999999999,24,RECUPERACION_O_ESTABLE,11142.0,Zedec Santa Fe,Alvaro Obregon,True,Zedec Santa Fe — Alvaro Obregon,0.0,True
5131,.C-411V,0901,ZONA METROPOLITANA DE LA CD. DE MÉXICO,Ciudad de México,19.537556,-99.143497,1996.0,2025.0,12.75,4.79,-7.96,-0.27448275862068966,28,RECUPERACION_O_ESTABLE,11901.0,El Arbolillo 3,Gustavo A. Madero,False,El Arbolillo 3 — Gustavo A. Madero,0.0,False
5132,.DW-47,0901,ZONA METROPOLITANA DE LA CD. DE MÉXICO,Ciudad de México,19.488,-99.200806,1996.0,2025.0,67.25,63.0,-4.25,-0.14655172413793102,18,RECUPERACION_O_ESTABLE,11441.0,Petrolera,Azcapotzalco,False,Petrolera — Azcapotzalco,0.0,False
5133,.DX-86V,0901,ZONA METROPOLITANA DE LA CD. DE MÉXICO,Ciudad de México,19.5015,-99.202944,1997.0,2025.0,63.33,63.0,-0.3299999999999983,-0.011785714285714224,22,RECUPERACION_O_ESTABLE,11394.0,Infonavit El Rosario,Azcapotzalco,False,Infonavit El Rosario — Azcapotzalco,0.0,False
5134,.DX-96,0901,ZONA METROPOLITANA DE LA CD. DE MÉXICO,Ciudad de México,19.466244,-99.216953,1996.0,2015.0,80.76,89.46,8.699999999999989,0.4578947368421047,14,MEDIO,12465.0,San Lorenzo Tlaltenango,Miguel Hidalgo,True,San Lorenzo Tlaltenango — Miguel Hidalgo,478.1851793697844,True
5135,.E-409,0901,ZONA METROPOLITANA DE LA CD. DE MÉXICO,Ciudad de México,19.410397,-99.158517,1997.0,2025.0,39.87,53.6,13.730000000000004,0.490357142857143,5,MEDIO,11821.0,Centro Urbano Benito Juarez,Cuauhtemoc,False,Centro Urbano Benito Juarez — Cuauhtemoc,0.0,False
5136,.FA-03V,0901,ZONA METROPOLITANA DE LA CD. DE MÉXICO,Ciudad de México,19.440717,-99.188953,1996.0,2025.0,66.8,79.0,12.200000000000003,0.4206896551724139,24,MEDIO,12503.0,Anahuac Dos Lagos,Miguel Hidalgo,True,Anahuac Dos Lagos — Miguel Hidalgo,0.0,True
5137,.FC-96,0901,ZONA METROPOLITANA DE LA CD. DE MÉXICO,Ciudad de México,19.479445,-99.168488,1996.0,2018.0,63.88,56.02,-7.859999999999999,-0.35727272727272724,19,RECUPERACION_O_ESTABLE,11446.0,Estacion Pantaco,Azcapotzalco,False,Estacion Pantaco — Azcapotzalco,0.0,False
5139,.RN-2B,0901,ZONA METROPOLITANA DE LA CD. DE MÉXICO,Ciudad de México,19.307367,-99.091162,1996.0,2019.0,53.56,72.95,19.39,0.8430434782608696,20,MEDIO,13040.0,Parque Ecologico De Xochimilco,Xochimilco,False,Parque Ecologico De Xochimilco — Xochimilco,0.0,False
5140,.RN-4,0901,ZONA METROPOLITANA DE LA CD. DE MÉXICO,Ciudad de México,19.302778,-99.086524,1996.0,2019.0,55.62,73.39,17.770000000000003,0.772608695652174,19,MEDIO,13039.0,La Cienega Chica,Xochimilco,False,La Cienega Chica — Xochimilco,0.0,False
5141,.RN-7B,0901,ZONA METROPOLITANA DE LA CD. DE MÉXICO,Ciudad de México,19.29443,-99.080494,1996.0,2019.0,54.74,115.02,60.279999999999994,2.620869565217391,15,ALTO,13039.0,La Cienega Chica,Xochimilco,False,La Cienega Chica — Xochimilco,0.0,False
5142,.RN-10BIS,0901,ZONA METROPOLITANA DE LA CD. DE MÉXICO,Ciudad de México,19.286409,-99.071801,1996.0,2009.0,61.82,67.95,6.130000000000003,0.47153846153846174,12,MEDIO,13039.0,La Cienega Chica,Xochimilco,False,La Cienega Chica — Xochimilco,0.0,False
5143,.RN-14C,0901,ZONA METROPOLITANA DE LA CD. DE MÉXICO,Ciudad de México,19.280376,-99.06012,2005.0,2019.0,56.26,71.26,15.000000000000007,1.0714285714285718,4,ALTO,12617.0,Del Mar,Tlahuac,False,Del Mar — Tlahuac,7.268907147600513,False
5144,.RN-15B,0901,ZONA METROPOLITANA DE LA CD. DE MÉXICO,Ciudad de México,19.27829,-99.056113,2008.0,2019.0,58.96,69.02,10.059999999999995,0.9145454545454541,6,MEDIO,13039.0,La Cienega Chica,Xochimilco,False,La Cienega Chica — Xochimilco,0.0,False
5145,.RN-18D,0901,ZONA METROPOLITANA DE LA CD. DE MÉXICO,Ciudad de México,19.272907,-99.044177,2008.0,2019.0,57.08,98.79,41.71000000000001,3.7918181818181824,4,ALTO,13039.0,La Cienega Chica,Xochimilco,False,La Cienega Chica — Xochimilco,0.0,False
5146,.RS-1B,0901,ZONA METROPOLITANA DE LA CD. DE MÉXICO,Ciudad de México,19.298604,-99.101189,1997.0,2007.0,52.9,60.69,7.789999999999999,0.7789999999999999,9,MEDIO,12782.0,Infonavit Doctor Ignacio Chavez,Tlalpan,False,Infonavit Doctor Ignacio Chavez — Tlalpan,0.0,False
5147,.RS-5B,0901,ZONA METROPOLITANA DE LA CD. DE MÉXICO,Ciudad de México,19.28642,-99.118608,1997.0,2011.0,51.71,61.7,9.990000000000002,0.7135714285714287,10,MEDIO,13038.0,San Lorenzo La Cebada,Xochimilco,False,San Lorenzo La Cebada — Xochimilco,0.0,False
5148,.RS-7B,0901,ZONA METROPOLITANA DE LA CD. DE MÉXICO,Ciudad de México,19.284543,-99.128458,1997.0,2006.0,56.04,65.46,9.419999999999995,1.046666666666666,5,ALTO,12803.0,San Bartolo El Chico,Tlalpan,False,San Bartolo El Chico — Tlalpan,0.0,False
5149,.RS-11,0901,ZONA METROPOLITANA DE LA CD. DE MÉXICO,Ciudad de México,19.285333,-99.147731,1997.0,2007.0,66.56,64.48,-2.0799999999999983,-0.20799999999999982,5,RECUPERACION_O_ESTABLE,12876.0,Arenal Tepepan,Tlalpan,False,Arenal Tepepan — Tlalpan,0.5898634462075257,False
5150,.RS-13,0901,ZONA METROPOLITANA DE LA CD. DE MÉXICO,Ciudad de México,19.29469,-99.15504,1998.0,2011.0,61.32,66.0,4.68,0.36,9,MEDIO,12710.0,Belisario Dominguez Seccion Xvi,Tlalpan,False,Belisario Dominguez Seccion Xvi — Tlalpan,0.0,False
5151,.RS-17,0901,ZONA METROPOLITANA DE LA CD. DE MÉXICO,Ciudad de México,19.29998,-99.170779,1998.0,2005.0,72.72,72.56,-0.1599999999999966,-0.02285714285714237,4,RECUPERACION_O_ESTABLE,12697.0,Isidro Fabela,Tlalpan,False,Isidro Fabela — Tlalpan,0.0,False
5152,.RS-20B,0901,ZONA METROPOLITANA DE LA CD. DE MÉXICO,Ciudad de México,19.299908,-99.189358,1998.0,2007.0,79.71,62.7,-17.00999999999999,-1.889999999999999,5,RECUPERACION_O_ESTABLE,12693.0,Parques Del Pedregal,Tlalpan,False,Parques Del Pedregal — Tlalpan,0.0,False
5153,.RS-25,0901,ZONA METROPOLITANA DE LA CD. DE MÉXICO,Ciudad de México,19.3272,-99.16182,1997.0,2007.0,64.16,71.25,7.090000000000003,0.7090000000000003,8,MEDIO,11629.0,Pedregal De Santo Domingo,Coyoacan,False,Pedregal De Santo Domingo — Coyoacan,0.0,False
5154,.RS-31B,0901,ZONA METROPOLITANA DE LA CD. DE MÉXICO,Ciudad de México,19.298234,-99.141803,1997.0,2007.0,63.61,70.37,6.760000000000005,0.6760000000000005,6,MEDIO,12796.0,Villa Lazaro Cardenas,Tlalpan,False,Villa Lazaro Cardenas — Tlalpan,0.0,False
5155,.RM-1B,0901,ZONA METROPOLITANA DE LA CD. DE MÉXICO,Ciudad de México,19.302163,-98.968265,1997.0,2016.0,41.22,62.4,21.18,1.1147368421052632,15,ALTO,12598.0,San Miguel Yecahuizotl,Tlahuac,False,San Miguel Yecahuizotl — Tlahuac,0.0,False
5156,.RM-11,0901,ZONA METROPOLITANA DE LA CD. DE MÉXICO,Ciudad de México,19.264713,-98.973982,1996.0,2012.0,33.27,51.07,17.799999999999997,1.1124999999999998,14,ALTO,12585.0,La Habana,Tlahuac,False,La Habana — Tlahuac,445.16900173329503,False
5157,.HER-1,0901,ZONA METROPOLITANA DE LA CD. DE MÉXICO,Ciudad de México,19.420609,-99.24304,1997.0,2019.0,92.26,83.33,-8.930000000000007,-0.4059090909090912,16,RECUPERACION_O_ESTABLE,12530.0,Bosques De Las Lomas,Miguel Hidalgo,True,Bosques De Las Lomas — Miguel Hidalgo,826.7273558078052,True
5158,RSC-1,0901,ZONA METROPOLITANA DE LA CD. DE MÉXICO,Ciudad de México,19.296345,-98.987503,2008.0,2009.0,62.25,66.13,3.8799999999999955,3.8799999999999955,2,ALTO,12646.0,San Francisco Tlaltenco,Tlahuac,False,San Francisco Tlaltenco — Tlahuac,0.0,False
5159,RSC-2,0901,ZONA METROPOLITANA DE LA CD. DE MÉXICO,Ciudad de México,19.2994,-98.984447,2008.0,2019.0,65.84,101.02,35.17999999999999,3.1981818181818173,4,ALTO,12646.0,San Francisco Tlaltenco,Tlahuac,False,San Francisco Tlaltenco — Tlahuac,0.0,False
5160,RSC-4,0901,ZONA METROPOLITANA DE LA CD. DE MÉXICO,Ciudad de México,19.296849,-98.992298,2008.0,2025.0,69.64,79.0,9.36,0.5505882352941176,8,MEDIO,12646.0,San Francisco Tlaltenco,Tlahuac,False,San Francisco Tlaltenco — Tlahuac,0.0,False
5161,RSC-5,0901,ZONA METROPOLITANA DE LA CD. DE MÉXICO,Ciudad de México,19.295234,-98.995279,2008.0,2019.0,72.27,80.25,7.980000000000004,0.7254545454545458,4,MEDIO,12646.0,San Francisco Tlaltenco,Tlahuac,False,San Francisco Tlaltenco — Tlahuac,0.0,False
5162,13DFE100309/26HMGC18,0901,ZONA METROPOLITANA DE LA CD. DE MÉXICO,Ciudad de México,19.384056,-99.031222,,,,,,,1,SIN_SERIE,12174.0,San Lorenzo Xicotencatl,Iztapalapa,False,San Lorenzo Xicotencatl — Iztapalapa,0.0,False
5163,13DFE100309/26HMGC18,0901,ZONA METROPOLITANA DE LA CD. DE MÉXICO,Ciudad de México,19.340972,-99.239694,,,,,,,1,SIN_SERIE,11315.0,Ocotillos,Alvaro Obregon,True,Ocotillos — Alvaro Obregon,0.0,True
5164,13DFE100309/26HMGC18,0901,ZONA METROPOLITANA DE LA CD. DE MÉXICO,Ciudad de México,19.420556,-99.075278,,,,,,,1,SIN_SERIE,12970.0,Aeropuerto Inter B Juarez,Venustiano Carranza,False,Aeropuerto Inter B Juarez — Venustiano Carranza,0.0,False
5165,Pozo R. 25,0901,ZONA METROPOLITANA DE LA CD. DE MÉXICO,Ciudad de México,19.200078,-99.012065,,,,,,,1,SIN_SERIE,12544.0,Barrio Santa Cruz,Milpa Alta,False,Barrio Santa Cruz — Milpa Alta,0.0,False
5166,San Pedro Actopan,0901,ZONA METROPOLITANA DE LA CD. DE MÉXICO,Ciudad de México,19.211892,-99.048875,,,,,,,1,SIN_SERIE,12560.0,Barrio Tula,Milpa Alta,False,Barrio Tula — Milpa Alta,0.0,False
5167,13DFE100993/26FMDA15,0901,ZONA METROPOLITANA DE LA CD. DE MÉXICO,Ciudad de México,19.355278,-99.280556,,,,,,,1,SIN_SERIE,11782.0,Las Tinajas,Cuajimalpa De Morelos,True,Las Tinajas — Cuajimalpa De Morelos,0.6510652559215048,True
5168,NEZA A 24,0901,ZONA METROPOLITANA DE LA CD. DE MÉXICO,Ciudad de México,19.302949,-99.085964,,,,,,,1,SIN_SERIE,13039.0,La Cienega Chica,Xochimilco,False,La Cienega Chica — Xochimilco,0.0,False
5169,Pozo No. 3,0901,ZONA METROPOLITANA DE LA CD. DE MÉXICO,Ciudad de México,19.227367,-98.993995,,,,,,,1,SIN_SERIE,12665.0,Jaime Torres Bodet,Tlahuac,False,Jaime Torres Bodet — Tlahuac,0.0,False
5172,Tecomitl 22,0901,ZONA METROPOLITANA DE LA CD. DE MÉXICO,Ciudad de México,19.220043,-98.99593,,,,,,,1,SIN_SERIE,12551.0,Barrio Tenantitla,Milpa Alta,False,Barrio Tenantitla — Milpa Alta,1.5930648464092172,False
5173,TECOMITL 4,0901,ZONA METROPOLITANA DE LA CD. DE MÉXICO,Ciudad de México,19.222528,-98.993028,,,,,,,1,SIN_SERIE,12552.0,Barrio Xaltipac,Milpa Alta,False,Barrio Xaltipac — Milpa Alta,0.0,False
5174,Tecomitl 15,0901,ZONA METROPOLITANA DE LA CD. DE MÉXICO,Ciudad de México,19.207722,-98.978889,,,,,,,1,SIN_SERIE,12679.0,Morelos,Milpa Alta,False,Morelos — Milpa Alta,0.0,False
5175,Padierna Picacho,0901,ZONA METROPOLITANA DE LA CD. DE MÉXICO,Ciudad de México,19.301443,-99.220303,,,,,,,1,SIN_SERIE,12729.0,Emilio Portes Gil,Tlalpan,False,Emilio Portes Gil — Tlalpan,0.0,False
5176,Boehringer Ingelheim,0901,ZONA METROPOLITANA DE LA CD. DE MÉXICO,Ciudad de México,19.251119,-99.113628,,,,,,,1,SIN_SERIE,13054.0,Unidad Hab Corporacion Xochimilco,Xochimilco,False,Unidad Hab Corporacion Xochimilco — Xochimilco,0.0,False
5177,San Luis 18,0901,ZONA METROPOLITANA DE LA CD. DE MÉXICO,Ciudad de México,19.250357,-99.070858,,,,,,,1,SIN_SERIE,13111.0,Santa Cruz Acalpixca,Xochimilco,False,Santa Cruz Acalpixca — Xochimilco,0.0,False
5178,PN_OBS_001,0901,ZONA METROPOLITANA DE LA CD. DE MÉXICO,Ciudad de México,19.254649,-99.066802,,,,,,,1,SIN_SERIE,13111.0,Santa Cruz Acalpixca,Xochimilco,False,Santa Cruz Acalpixca — Xochimilco,0.0,False
5183,Pozo 3 Vivero Alto,0901,ZONA METROPOLITANA DE LA CD. DE MÉXICO,Ciudad de México,19.312903,-99.194855,,,,,,,1,SIN_SERIE,11626.0,Ciudad Universitaria,Coyoacan,False,Ciudad Universitaria — Coyoacan,0.0,False
5184,Pozo 1 Quimica,0901,ZONA METROPOLITANA DE LA CD. DE MÉXICO,Ciudad de México,19.331217,-99.182298,,,,,,,1,SIN_SERIE,11626.0,Ciudad Universitaria,Coyoacan,False,Ciudad Universitaria — Coyoacan,0.0,False
5185,ZMCM-02,0901,ZONA METROPOLITANA DE LA CD. DE MÉXICO,Ciudad de México,19.296472,-99.195222,,,,,,,1,SIN_SERIE,12691.0,Villa Charra Del Pedregal,Tlalpan,False,Villa Charra Del Pedregal — Tlalpan,0.0,False
5186,ZMCM-03,0901,ZONA METROPOLITANA DE LA CD. DE MÉXICO,Ciudad de México,19.322194,-99.097028,,,,,,,1,SIN_SERIE,12389.0,Lomas Estrella 2Da Seccion,Iztapalapa,False,Lomas Estrella 2Da Seccion — Iztapalapa,0.0,False
5187,ZMCM-04,0901,ZONA METROPOLITANA DE LA CD. DE MÉXICO,Ciudad de México,19.361222,-99.071083,,,,,,,1,SIN_SERIE,12205.0,Leyes De Reforma 1Ra Seccion,Iztapalapa,False,Leyes De Reforma 1Ra Seccion — Iztapalapa,0.0,False
5188,.5311/2,0901,ZONA METROPOLITANA DE LA CD. DE MÉXICO,Ciudad de México,19.380058,-99.134722,,,,,,,1,SIN_SERIE,12144.0,Militar Marte,Iztacalco,False,Militar Marte — Iztacalco,0.0,False
5189,ZMCM-05,0901,ZONA METROPOLITANA DE LA CD. DE MÉXICO,Ciudad de México,19.430556,-99.105,,,,,,,1,SIN_SERIE,12958.0,Moctezuma 1Ra Secc,Venustiano Carranza,False,Moctezuma 1Ra Secc — Venustiano Carranza,0.0,False
5190,ZMCM-06,0901,ZONA METROPOLITANA DE LA CD. DE MÉXICO,Ciudad de México,19.233333,-99.130333,,,,,,,1,SIN_SERIE,13143.0,San Mateo Xalpa,Xochimilco,False,San Mateo Xalpa — Xochimilco,0.0,False
5191,ZMCM-07,0901,ZONA METROPOLITANA DE LA CD. DE MÉXICO,Ciudad de México,19.484722,-99.199722,,,,,,,1,SIN_SERIE,11441.0,Petrolera,Azcapotzalco,False,Petrolera — Azcapotzalco,0.0,False
5192,ZMCM-08,0901,ZONA METROPOLITANA DE LA CD. DE MÉXICO,Ciudad de México,19.496194,-99.201194,,,,,,,1,SIN_SERIE,11434.0,Presidente Madero,Azcapotzalco,False,Presidente Madero — Azcapotzalco,0.0,False
5193,ZMCM-09,0901,ZONA METROPOLITANA DE LA CD. DE MÉXICO,Ciudad de México,19.47825,-99.163556,,,,,,,1,SIN_SERIE,11454.0,Euzkadi,Azcapotzalco,False,Euzkadi — Azcapotzalco,0.0,False
5194,Anexo 2.816 SACMEX,0901,ZONA METROPOLITANA DE LA CD. DE MÉXICO,Ciudad de México,19.406444,-99.189917,,,,,,,1,SIN_SERIE,12536.0,San Miguel Chapultepec,Miguel Hidalgo,True,San Miguel Chapultepec — Miguel Hidalgo,0.0,True
8224,.82-B,1506,CHALCO-AMECAMECA,México,19.203762,-98.959685,1999.0,2020.0,28.74,73.1,44.36,2.1123809523809522,7,ALTO,12679.0,Morelos,Milpa Alta,False,Morelos — Milpa Alta,878.1636309322075,False
8238,.RM-7,1506,CHALCO-AMECAMECA,México,19.279932,-98.971296,1996.0,2024.0,33.68,41.8,8.119999999999997,0.2899999999999999,16,LEVE,12649.0,Ampl Selene,Tlahuac,False,Ampl Selene — Tlahuac,149.37877326782723,False
