titulo,titular,uso,volumen_m3_anio,volumen_hm3_anio,volumen_punto_m3_anio,volumen_punto_hm3_anio,fecha_titulo,latitud,longitud,cve_acui,nom_acui,en_bbox_piloto,fuente
811078,"TELEVISA, S.A. DE C.V.",SERVICIOS,450000.0,0.45,450000.0,0.45,2019-06-27,19.30394711111111,-99.15500536111112,0901,ZONA METROPOLITANA DE LA CD. DE MEXICO,True,REPDA_ANEXOS_SUB_2025-06
814550,MUNICIPIO DE HUIXQUILUCAN,PÚBLICO URBANO,990171.0,0.990171,495085.5,0.4950855,2024-01-15,19.409445055555555,-99.27250016666666,0901,ZONA METROPOLITANA DE LA CD. DE MEXICO,True,REPDA_ANEXOS_SUB_2025-06
814550,MUNICIPIO DE HUIXQUILUCAN,PÚBLICO URBANO,145125.0,0.145125,72562.5,0.0725625,2024-01-15,19.426115527777775,-99.34611108333333,0901,ZONA METROPOLITANA DE LA CD. DE MEXICO,True,REPDA_ANEXOS_SUB_2025-06
816905,LERMA SA,SERVICIOS,14701.0,0.014701,14701.0,0.014701,2019-12-20,19.430286,-99.15749930555556,0901,ZONA METROPOLITANA DE LA CD. DE MEXICO,True,REPDA_ANEXOS_SUB_2025-06
836038,"INMOBILIARIA GOCOS, S.A. DE C.V.",SERVICIOS,1500.0,0.0015,750.0,0.00075,2021-09-21,19.330278166666663,-99.21027811111112,0901,ZONA METROPOLITANA DE LA CD. DE MEXICO,True,REPDA_ANEXOS_SUB_2025-06
836038,"INMOBILIARIA GOCOS, S.A. DE C.V.",SERVICIOS,1500.0,0.0015,750.0,0.00075,2021-09-21,19.32638925,-99.21083361111113,0901,ZONA METROPOLITANA DE LA CD. DE MEXICO,True,REPDA_ANEXOS_SUB_2025-06
836615,"ASOCIACION CRISTIANA DE JOVENES DE LA CD. DE MEXICO (YMCA), A.C.",SERVICIOS,7106.4,0.0071064,7106.4,0.0071064,2024-02-22,19.43750347222222,-99.1802777777778,0901,ZONA METROPOLITANA DE LA CD. DE MEXICO,True,REPDA_ANEXOS_SUB_2025-06
839279,"PROMOTORA FM, S.A. DE C.V.",SERVICIOS,264880.0,0.26488,264880.0,0.26488,2022-07-04,19.39250322222222,-99.27000016666666,0901,ZONA METROPOLITANA DE LA CD. DE MEXICO,True,REPDA_ANEXOS_SUB_2025-06
839290,"RESIDENCIAL BOSQUES & INTERLOMAS, S.A. DE C.V.",SERVICIOS,174040.0,0.17404,87020.0,0.08702,2023-06-30,19.38389211111111,-99.2908335,0901,ZONA METROPOLITANA DE LA CD. DE MEXICO,True,REPDA_ANEXOS_SUB_2025-06
839290,"RESIDENCIAL BOSQUES & INTERLOMAS, S.A. DE C.V.",SERVICIOS,1000.0,0.001,500.0,0.0005,2023-06-30,19.38805863888889,-99.27888905555557,0901,ZONA METROPOLITANA DE LA CD. DE MEXICO,True,REPDA_ANEXOS_SUB_2025-06
841645,REYES LIRA CONSTRUCTORES S.A. DE C.V.,SERVICIOS,750000.0,0.75,750000.0,0.75,2021-10-26,19.390555555555554,-99.29555555555557,0901,ZONA METROPOLITANA DE LA CD. DE MEXICO,True,REPDA_ANEXOS_SUB_2025-06
842910,"FIM-TIERRA UNO, S. DE R.L. DE C.V.",SERVICIOS,360000.0,0.36,360000.0,0.36,2021-10-22,19.44500044444445,-99.20250016666668,0901,ZONA METROPOLITANA DE LA CD. DE MEXICO,True,REPDA_ANEXOS_SUB_2025-06
843618,JAIME PASCAL IRLAND,DIFERENTES USOS,170000.0,0.17,170000.0,0.17,2023-09-08,19.393895194444443,-99.30249997222222,0901,ZONA METROPOLITANA DE LA CD. DE MEXICO,True,REPDA_ANEXOS_SUB_2025-06
843750,"QUMA DE HIDALGO, S.A. DE C.V.",SERVICIOS,50000.0,0.05,50000.0,0.05,2023-12-07,19.42666927777778,-99.27305555555556,0901,ZONA METROPOLITANA DE LA CD. DE MEXICO,True,REPDA_ANEXOS_SUB_2025-06
844448,"GRUPO PROMOTOR DE HUIXQUILUCAN, S. DE R.L. DE C.V.",SERVICIOS,300000.0,0.3,100000.0,0.1,2022-08-30,19.39972530555556,-99.28777777777778,0901,ZONA METROPOLITANA DE LA CD. DE MEXICO,True,REPDA_ANEXOS_SUB_2025-06
844448,"GRUPO PROMOTOR DE HUIXQUILUCAN, S. DE R.L. DE C.V.",SERVICIOS,200000.0,0.2,66666.66666666667,0.06666666666666667,2022-08-30,19.381863972222224,-99.29630655555556,0901,ZONA METROPOLITANA DE LA CD. DE MEXICO,True,REPDA_ANEXOS_SUB_2025-06
844448,"GRUPO PROMOTOR DE HUIXQUILUCAN, S. DE R.L. DE C.V.",SERVICIOS,200000.0,0.2,66666.66666666667,0.06666666666666667,2022-08-30,19.38944725,-99.2983335,0901,ZONA METROPOLITANA DE LA CD. DE MEXICO,True,REPDA_ANEXOS_SUB_2025-06
844585,ORGANISMO PUBLICO DESCENTRALIZADO PARA LA PRESTACION DE LOS SERVICIOS DE AGUA POTABLE DRENAJE Y TRAT,PÚBLICO URBANO,400000.0,0.4,400000.0,0.4,2022-02-02,19.399722222222223,-99.28777777777778,0901,ZONA METROPOLITANA DE LA CD. DE MEXICO,True,REPDA_ANEXOS_SUB_2025-06
844865,COMERCIAL INMOBILIARIA REAL DE MEXICO S.A. DE C.V.,SERVICIOS,160000.0,0.16,160000.0,0.16,2023-12-18,19.385812527777777,-99.17529427777778,0901,ZONA METROPOLITANA DE LA CD. DE MEXICO,True,REPDA_ANEXOS_SUB_2025-06
846336,"CIBANCO, S.A. I.B.M COMO FIDUCIARIO DEL FIDEICOMISO CIB/2191",SERVICIOS,30000.0,0.03,30000.0,0.03,2023-07-19,19.43889163888889,-99.20527811111111,0901,ZONA METROPOLITANA DE LA CD. DE MEXICO,True,REPDA_ANEXOS_SUB_2025-06
847694,FROYLAN SANTANA GIL,SERVICIOS,40000.0,0.04,40000.0,0.04,2022-09-21,19.383891972222223,-99.29805555555556,0901,ZONA METROPOLITANA DE LA CD. DE MEXICO,True,REPDA_ANEXOS_SUB_2025-06
848397,"CONSORCIO INMOBILIARIO LOMAS, S.A.P.I. DE C.V.",PÚBLICO URBANO,799800.0,0.7998,799800.0,0.7998,2024-04-19,19.413889194444444,-99.29527794444444,0901,ZONA METROPOLITANA DE LA CD. DE MEXICO,True,REPDA_ANEXOS_SUB_2025-06
848535,"PROMOTORA B Y R LOMAS, S.A. DE C.V.",SERVICIOS,450000.0,0.45,450000.0,0.45,2023-01-30,19.42666975,-99.26277794444444,0901,ZONA METROPOLITANA DE LA CD. DE MEXICO,True,REPDA_ANEXOS_SUB_2025-06
850540,"CENTROS CULTURALES DE MEXICO, A.C.",SERVICIOS,300000.0,0.3,300000.0,0.3,2023-09-08,19.42444766666667,-99.29694444444443,0901,ZONA METROPOLITANA DE LA CD. DE MEXICO,True,REPDA_ANEXOS_SUB_2025-06
850978,"INTERLOMAS PARQUE CLUB, S.A. DE C.V.",SERVICIOS,1235000.0,1.235,1235000.0,1.235,2022-12-12,19.381392055555555,-99.29416705555556,0901,ZONA METROPOLITANA DE LA CD. DE MEXICO,True,REPDA_ANEXOS_SUB_2025-06
851968,AURELIO QUIZAÑOS SUAREZ,AGRÍCOLA,298840.0,0.29884,298840.0,0.29884,2023-02-24,19.40083647222222,-99.32388897222222,0901,ZONA METROPOLITANA DE LA CD. DE MEXICO,True,REPDA_ANEXOS_SUB_2025-06
859646,INMOBILIARIA PARQUE REFORMA S.A. DE C.V.,SERVICIOS,315360.0,0.31536,315360.0,0.31536,2024-03-08,19.440555555555555,-99.15527777777778,0901,ZONA METROPOLITANA DE LA CD. DE MEXICO,True,REPDA_ANEXOS_SUB_2025-06
860730,"CONSORCIO INMOBILIARIO LOMAS, S.A.P.I. DE C.V.",PÚBLICO URBANO,310000.0,0.31,310000.0,0.31,2024-04-19,19.4138915,-99.29527794444444,0901,ZONA METROPOLITANA DE LA CD. DE MEXICO,True,REPDA_ANEXOS_SUB_2025-06
836339,EZEQUIEL MURILLO VILLICAÑA,AGRÍCOLA,1685249.0,1.685249,1685249.0,1.685249,2024-03-08,19.4297255,-99.32749977777776,0901,ZONA METROPOLITANA DE LA CD. DE MEXICO,True,REPDA_ANEXOS_SUB_2025-06
DFE100009,"INDUX, S.A. DE C.V.",INDUSTRIAL,18000.0,0.018,18000.0,0.018,1994-06-30,19.39552677777778,-99.19766694444444,0901,ZONA METROPOLITANA DE LA CD. DE MEXICO,True,REPDA_ANEXOS_SUB_2025-06
DFE100047,CENTRO DEPORTIVO CHAPULTEPEC A.C.,SERVICIOS,6978.0,0.006978,6978.0,0.006978,1995-05-30,19.42811675,-99.18016727777778,0901,ZONA METROPOLITANA DE LA CD. DE MEXICO,True,REPDA_ANEXOS_SUB_2025-06
DFE100064,"LAVANDERIA LA EUROPEA, S.A. DE C.V.",INDUSTRIAL,77328.0,0.077328,38664.0,0.038664,1994-11-22,19.440555694444445,-99.17277827777778,0901,ZONA METROPOLITANA DE LA CD. DE MEXICO,True,REPDA_ANEXOS_SUB_2025-06
DFE100064,"LAVANDERIA LA EUROPEA, S.A. DE C.V.",INDUSTRIAL,85920.0,0.08592,42960.0,0.04296,1994-11-22,19.440555888888888,-99.17305558333334,0901,ZONA METROPOLITANA DE LA CD. DE MEXICO,True,REPDA_ANEXOS_SUB_2025-06
DFE100074,"FUNDACION DE AYUDA A LA ANCIANIDAD, INSTITUCION DE ASISTENCIA PRIVADA",SERVICIOS,1700.0,0.0017,1700.0,0.0017,1995-07-12,19.345415666666664,-99.20158344444444,0901,ZONA METROPOLITANA DE LA CD. DE MEXICO,True,REPDA_ANEXOS_SUB_2025-06
DFE100150,CIRCULO FRANCES DE MEXICO A.C.,SERVICIOS,114559.0,0.114559,114559.0,0.114559,1996-07-04,19.357500833333336,-99.18166711111112,0901,ZONA METROPOLITANA DE LA CD. DE MEXICO,True,REPDA_ANEXOS_SUB_2025-06
DFE100506,PARQUE ARTURO MUNDET A.C.,INDUSTRIAL,118510.0,0.11851,118510.0,0.11851,1996-05-06,19.44028033333333,-99.21416661111112,0901,ZONA METROPOLITANA DE LA CD. DE MEXICO,True,REPDA_ANEXOS_SUB_2025-06
DFE100756,"FANTASIAS MIGUEL, S.A. DE C.V.",INDUSTRIAL,20000.0,0.02,20000.0,0.02,1999-06-28,19.44389105555556,-99.18305555555555,0901,ZONA METROPOLITANA DE LA CD. DE MEXICO,True,REPDA_ANEXOS_SUB_2025-06
DFE100778,UNIVERSIDAD NACIONAL AUTONOMA DE MEXICO SIN TIPO DE SOC,SERVICIOS,812052.0,0.812052,270684.0,0.270684,1999-10-18,19.330558472222226,-99.18194425,0901,ZONA METROPOLITANA DE LA CD. DE MEXICO,True,REPDA_ANEXOS_SUB_2025-06
DFE100778,UNIVERSIDAD NACIONAL AUTONOMA DE MEXICO SIN TIPO DE SOC,SERVICIOS,1641125.0,1.641125,547041.6666666666,0.5470416666666666,1999-10-18,19.325002916666666,-99.19138886111112,0901,ZONA METROPOLITANA DE LA CD. DE MEXICO,True,REPDA_ANEXOS_SUB_2025-06
DFE100778,UNIVERSIDAD NACIONAL AUTONOMA DE MEXICO SIN TIPO DE SOC,SERVICIOS,531482.0,0.531482,177160.66666666666,0.17716066666666666,1999-10-18,19.313058472222224,-99.19472272222222,0901,ZONA METROPOLITANA DE LA CD. DE MEXICO,True,REPDA_ANEXOS_SUB_2025-06
DFE101189,"MEXOPORO, S.C.",INDUSTRIAL,18000.0,0.018,18000.0,0.018,2013-04-30,19.33764175,-99.2174447777778,0901,ZONA METROPOLITANA DE LA CD. DE MEXICO,True,REPDA_ANEXOS_SUB_2025-06
MEX100861,"CLUB DE GOLF CHAPULTEPEC, S.A.",SERVICIOS,15410.0,0.01541,7705.0,0.007705,1995-08-15,19.433335472222225,-99.24500033333334,0901,ZONA METROPOLITANA DE LA CD. DE MEXICO,True,REPDA_ANEXOS_SUB_2025-06
MEX100861,"CLUB DE GOLF CHAPULTEPEC, S.A.",SERVICIOS,50000.0,0.05,25000.0,0.025,1995-08-15,19.431946583333332,-99.24361091666668,0901,ZONA METROPOLITANA DE LA CD. DE MEXICO,True,REPDA_ANEXOS_SUB_2025-06
MEX103474,EPIFANIO CARLOS LOPEZ MARTINEZ,PECUARIO,100000.0,0.1,100000.0,0.1,1998-08-28,19.371974861111116,-99.34044430555556,0901,ZONA METROPOLITANA DE LA CD. DE MEXICO,True,REPDA_ANEXOS_SUB_2025-06
MEX109101,"ORGANISMO PUBLICO DESCENTRALIZADO PARA LA PRESTACION DE LOS SERVICIOS DE AGUA POTABLE, ALCANTARILLAD SIN TIPO DE SOC",PÚBLICO URBANO,100000.0,0.1,50000.0,0.05,2013-02-14,19.32500058333333,-99.40833463888887,1501,VALLE DE TOLUCA,True,REPDA_ANEXOS_SUB_2025-06
MEX109101,"ORGANISMO PUBLICO DESCENTRALIZADO PARA LA PRESTACION DE LOS SERVICIOS DE AGUA POTABLE, ALCANTARILLAD SIN TIPO DE SOC",PÚBLICO URBANO,175000.0,0.175,87500.0,0.0875,2013-02-14,19.31980558333333,-99.40466686111112,1501,VALLE DE TOLUCA,True,REPDA_ANEXOS_SUB_2025-06
MEX109171,"HICA CONDUCTORES, S.A. DE C.V.",SERVICIOS,150000.0,0.15,75000.0,0.075,2017-01-18,19.407780694444444,-99.29861144444445,0901,ZONA METROPOLITANA DE LA CD. DE MEXICO,True,REPDA_ANEXOS_SUB_2025-06
MEX109171,"HICA CONDUCTORES, S.A. DE C.V.",SERVICIOS,650000.0,0.65,325000.0,0.325,2017-01-18,19.407780388888888,-99.2983335,0901,ZONA METROPOLITANA DE LA CD. DE MEXICO,True,REPDA_ANEXOS_SUB_2025-06
MEX160080,"HIDROSERVICIOS TCP, S.A. DE C.V.",SERVICIOS,2490000.0,2.49,2490000.0,2.49,2018-11-28,19.4294505,-99.29222211111112,0901,ZONA METROPOLITANA DE LA CD. DE MEXICO,True,REPDA_ANEXOS_SUB_2025-06
13MEX109161,"DESARROLLO DE INGENIERIA CIVIL, S.A.",SERVICIOS,77280.0,0.07728,77280.0,0.07728,2018-07-11,19.37754805555556,-99.29055955555556,0901,ZONA METROPOLITANA DE LA CD. DE MEXICO,True,REPDA_ANEXOS_SUB_2025-06
13DFE100777/26EMGR99,AUTOFINANCIAMIENTO MÉXICO S.A. DE C.V.,SERVICIOS,8432.0,0.008432,8432.0,0.008432,1999-09-13,19.335555555555555,-99.18333333333334,0901,ZONA METROPOLITANA DE LA CD. DE MEXICO,True,REPDA_ANEXOS_SUB_2025-06
5DFE100146/26FMGR95,"PIRAMIDE, S.A. DE C.V.",INDUSTRIAL,22457.0,0.022457,22457.0,0.022457,1995-08-15,19.442222222222224,-99.18583333333332,0901,ZONA METROPOLITANA DE LA CD. DE MEXICO,True,REPDA_ANEXOS_SUB_2025-06
13DFE100095/26FMGR03,"PROPIMEX, S.A. DE C.V.",INDUSTRIAL,110000.0,0.11,110000.0,0.11,1994-12-22,19.36138888888889,-99.15944444444445,0901,ZONA METROPOLITANA DE LA CD. DE MEXICO,True,REPDA_ANEXOS_SUB_2025-06
5DFE100632/26CMGR96,DR. GUSTAVO BAZ DIAZ LOMBARDO,DOMÉSTICO,290.0,0.00029,290.0,0.00029,1996-08-07,19.32555555555556,-99.22055555555556,0901,ZONA METROPOLITANA DE LA CD. DE MEXICO,True,REPDA_ANEXOS_SUB_2025-06
13DFE100067/26FMGR05,"CERVECERÍA MODELO, S.A. DE C.V.",INDUSTRIAL,95562.0,0.095562,95562.0,0.095562,1995-04-18,19.418472222222224,-99.15222222222222,0901,ZONA METROPOLITANA DE LA CD. DE MEXICO,True,REPDA_ANEXOS_SUB_2025-06
5DFE100644/26FMGR96,"INMOBILIARIA MOTKE, S. A. DE C. V.",INDUSTRIAL,21600.0,0.0216,21600.0,0.0216,1996-11-02,19.43777777777778,-99.17361111111111,0901,ZONA METROPOLITANA DE LA CD. DE MEXICO,True,REPDA_ANEXOS_SUB_2025-06
13DFE100153/26FMGR06,"VIDRIERA MÉXICO, S.A. DE C.V.",INDUSTRIAL,61000.0,0.061,30500.0,0.0305,1995-11-06,19.44436111111111,-99.20397222222222,0901,ZONA METROPOLITANA DE LA CD. DE MEXICO,True,REPDA_ANEXOS_SUB_2025-06
13DFE100153/26FMGR06,"VIDRIERA MÉXICO, S.A. DE C.V.",INDUSTRIAL,407340.0,0.40734,203670.0,0.20367,1995-11-06,19.4445,-99.20461111111112,0901,ZONA METROPOLITANA DE LA CD. DE MEXICO,True,REPDA_ANEXOS_SUB_2025-06
13DFE100176/26FMGR06,TEODORO AMERLINCK Y ZIRION,INDUSTRIAL,1002.0,0.001002,1002.0,0.001002,1996-08-07,19.35527777777778,-99.19694444444444,0901,ZONA METROPOLITANA DE LA CD. DE MEXICO,True,REPDA_ANEXOS_SUB_2025-06
13DFE100509/26APGR06,MARÍA DELFINA RAMÍREZ CRUZ,AGRÍCOLA,75.0,7.5e-05,75.0,7.5e-05,1996-05-17,19.32638888888889,-99.29388888888889,0901,ZONA METROPOLITANA DE LA CD. DE MEXICO,True,REPDA_ANEXOS_SUB_2025-06
5DFE100066/26FMGR94,"SYNTEX, S.A. DE C.V.",INDUSTRIAL,13530.0,0.01353,13530.0,0.01353,1994-11-24,19.38611111111111,-99.24166666666667,0901,ZONA METROPOLITANA DE LA CD. DE MEXICO,True,REPDA_ANEXOS_SUB_2025-06
13DFE100641/26FMDA08,"CERVECERIA MODELO, S.A. DE C.V.",INDUSTRIAL,1651.0,0.001651,1651.0,0.001651,1996-08-14,19.433333333333334,-99.43916666666668,1501,VALLE DE TOLUCA,True,REPDA_ANEXOS_SUB_2025-06
13DFE100158/26FMDA08,"HOTEL GENEVE, S.A. DE C.V.",INDUSTRIAL,10065.0,0.010065,5032.5,0.0050325,1996-09-19,19.42480555555556,-99.1641388888889,0901,ZONA METROPOLITANA DE LA CD. DE MEXICO,True,REPDA_ANEXOS_SUB_2025-06
13DFE100158/26FMDA08,"HOTEL GENEVE, S.A. DE C.V.",INDUSTRIAL,12423.0,0.012423,6211.5,0.0062115,1996-09-19,19.42458333333333,-99.16405555555556,0901,ZONA METROPOLITANA DE LA CD. DE MEXICO,True,REPDA_ANEXOS_SUB_2025-06
13DFE100118/26EMDA08,"CENTRO ASTURIANO DE MÉXICO, A.C.",SERVICIOS,236520.0,0.23652,236520.0,0.23652,1995-12-06,19.40277777777777,-99.19583333333334,0901,ZONA METROPOLITANA DE LA CD. DE MEXICO,True,REPDA_ANEXOS_SUB_2025-06
13DFE100637/26EMDA08,"ASOCIACIÓN CRISTIANA DE JOVENES DE LA CIUDAD DE MÉXICO (YMCA), A.C.",SERVICIOS,23192.0,0.023192,23192.0,0.023192,1996-08-14,19.4375,-99.1802777777778,0901,ZONA METROPOLITANA DE LA CD. DE MEXICO,True,REPDA_ANEXOS_SUB_2025-06
13DFE100970/26FMDA10,INSTITUTO TECNOLOGICO Y DE ESTUDIOS SUPERIORES DE MONTERREY,INDUSTRIAL,67000.0,0.067,67000.0,0.067,2005-10-14,19.362222222222226,-99.25555555555556,0901,ZONA METROPOLITANA DE LA CD. DE MEXICO,True,REPDA_ANEXOS_SUB_2025-06
13DFE100101/26FMDA09,"CERVECERIA MODELO, S.A. DE C.V.",INDUSTRIAL,54086.0,0.054086,7726.571428571428,0.007726571428571428,1996-05-17,19.442777777777778,-99.18805555555556,0901,ZONA METROPOLITANA DE LA CD. DE MEXICO,True,REPDA_ANEXOS_SUB_2025-06
13DFE100101/26FMDA09,"CERVECERIA MODELO, S.A. DE C.V.",INDUSTRIAL,432432.0,0.432432,61776.0,0.061776,1996-05-17,19.44333333333333,-99.18722222222225,0901,ZONA METROPOLITANA DE LA CD. DE MEXICO,True,REPDA_ANEXOS_SUB_2025-06
13DFE100101/26FMDA09,"CERVECERIA MODELO, S.A. DE C.V.",INDUSTRIAL,1844640.0,1.84464,263520.0,0.26352,1996-05-17,19.44361111111111,-99.18805555555556,0901,ZONA METROPOLITANA DE LA CD. DE MEXICO,True,REPDA_ANEXOS_SUB_2025-06
13DFE100101/26FMDA09,"CERVECERIA MODELO, S.A. DE C.V.",INDUSTRIAL,466560.0,0.46656,66651.42857142857,0.06665142857142857,1996-05-17,19.441111111111116,-99.18972222222224,0901,ZONA METROPOLITANA DE LA CD. DE MEXICO,True,REPDA_ANEXOS_SUB_2025-06
13DFE100101/26FMDA09,"CERVECERIA MODELO, S.A. DE C.V.",INDUSTRIAL,544320.0,0.54432,77760.0,0.07776,1996-05-17,19.440277777777776,-99.18805555555556,0901,ZONA METROPOLITANA DE LA CD. DE MEXICO,True,REPDA_ANEXOS_SUB_2025-06
13DFE100101/26FMDA09,"CERVECERIA MODELO, S.A. DE C.V.",INDUSTRIAL,2194560.0,2.19456,313508.5714285714,0.3135085714285714,1996-05-17,19.44,-99.1863888888889,0901,ZONA METROPOLITANA DE LA CD. DE MEXICO,True,REPDA_ANEXOS_SUB_2025-06
13DFE100101/26FMDA09,"CERVECERIA MODELO, S.A. DE C.V.",INDUSTRIAL,2557440.0,2.55744,365348.5714285714,0.3653485714285714,1996-05-17,19.44238888888889,-99.18908333333334,0901,ZONA METROPOLITANA DE LA CD. DE MEXICO,True,REPDA_ANEXOS_SUB_2025-06
13DFE100609/26FMDA09,"BRIDGESTONE DE MEXICO, S. A. DE C. V.",INDUSTRIAL,17043.0,0.017043,17043.0,0.017043,1996-10-14,19.44308333333333,-99.18336111111113,0901,ZONA METROPOLITANA DE LA CD. DE MEXICO,True,REPDA_ANEXOS_SUB_2025-06
13DFE100762/26EMDA09,"PANTEON JARDIN DE MEXICO, S.A.",SERVICIOS,1071.0,0.001071,1071.0,0.001071,1999-07-26,19.35,-99.20833333333334,0901,ZONA METROPOLITANA DE LA CD. DE MEXICO,True,REPDA_ANEXOS_SUB_2025-06
13DFE100073/26FMGR06,"COMPAÑÍA INDUSTRIAL DE XALOSTOC, S.A. DE C.V.",INDUSTRIAL,200000.0,0.2,200000.0,0.2,1995-03-05,19.425,-99.19722222222222,0901,ZONA METROPOLITANA DE LA CD. DE MEXICO,True,REPDA_ANEXOS_SUB_2025-06
13DFE100779/26FMDA11,"BAYER DE MEXICO, S.A. DE C.V.",INDUSTRIAL,3000.0,0.003,3000.0,0.003,1999-11-03,19.439722222222223,-99.20055555555555,0901,ZONA METROPOLITANA DE LA CD. DE MEXICO,True,REPDA_ANEXOS_SUB_2025-06
13DFE100550/26EMDA10,SECRETARIA DE HACIENDA Y CREDITO PUBLICO,SERVICIOS,65167.0,0.065167,65167.0,0.065167,1997-07-15,19.408055555555556,-99.15944444444445,0901,ZONA METROPOLITANA DE LA CD. DE MEXICO,True,REPDA_ANEXOS_SUB_2025-06
13DFE101165/26JMDA11,LUZ Y FUERZA DEL CENTRO,GENERACIÓN DE ENERGÍA,33600.0,0.0336,33600.0,0.0336,2011-10-31,19.437166666666663,-99.1703888888889,0901,ZONA METROPOLITANA DE LA CD. DE MEXICO,True,REPDA_ANEXOS_SUB_2025-06
13DFE100134/26FMDA11,COLGATE PALMOLIVE S.A. DE C.V.,INDUSTRIAL,274626.0,0.274626,137313.0,0.137313,1995-11-06,19.45,-99.20833333333334,0901,ZONA METROPOLITANA DE LA CD. DE MEXICO,True,REPDA_ANEXOS_SUB_2025-06
13DFE100134/26FMDA11,COLGATE PALMOLIVE S.A. DE C.V.,INDUSTRIAL,330000.0,0.33,165000.0,0.165,1995-11-06,19.45,-99.20861111111113,0901,ZONA METROPOLITANA DE LA CD. DE MEXICO,True,REPDA_ANEXOS_SUB_2025-06
13DFE101181/26EMDA12,"INMUEBLES GENERAL, S.A DE C.V.",SERVICIOS,287000.0,0.287,287000.0,0.287,2012-03-22,19.442222222222224,-99.20472222222224,0901,ZONA METROPOLITANA DE LA CD. DE MEXICO,True,REPDA_ANEXOS_SUB_2025-06
13DFE101084/26FMDA13,"BAYER DE MÉXICO, S.A. DE C.V.",INDUSTRIAL,40000.0,0.04,40000.0,0.04,2013-04-30,19.44083333333333,-99.20166666666668,0901,ZONA METROPOLITANA DE LA CD. DE MEXICO,True,REPDA_ANEXOS_SUB_2025-06
13DFE100693/26FMGR01,"LEVADURA AZTECA, S. A. DE C. V.",INDUSTRIAL,203800.0,0.2038,67933.33333333333,0.06793333333333333,1997-06-14,19.440277777777776,-99.20138888888889,0901,ZONA METROPOLITANA DE LA CD. DE MEXICO,True,REPDA_ANEXOS_SUB_2025-06
13DFE100693/26FMGR01,"LEVADURA AZTECA, S. A. DE C. V.",INDUSTRIAL,213800.0,0.2138,71266.66666666667,0.07126666666666667,1997-06-14,19.440277777777776,-99.20111111111112,0901,ZONA METROPOLITANA DE LA CD. DE MEXICO,True,REPDA_ANEXOS_SUB_2025-06
13DFE100693/26FMGR01,"LEVADURA AZTECA, S. A. DE C. V.",INDUSTRIAL,164800.0,0.1648,54933.333333333336,0.054933333333333334,1997-06-14,19.440555555555555,-99.20166666666668,0901,ZONA METROPOLITANA DE LA CD. DE MEXICO,True,REPDA_ANEXOS_SUB_2025-06
13DFE100638/26EPDA14,"ASOCIACION FRANCO MEXICANA SUIZA Y BELGA DE BENEFICIENCIA, I. A. P./PANTEON FRANCES",SERVICIOS,411.5,0.0004115,411.5,0.0004115,1998-01-20,19.40694444444444,-99.15305555555555,0901,ZONA METROPOLITANA DE LA CD. DE MEXICO,True,REPDA_ANEXOS_SUB_2025-06
13DFE100591/26EMOC07,"INMUEBLES E INVERSIONES, S. A.",SERVICIOS,411.0,0.000411,411.0,0.000411,1997-06-03,19.34722222222222,-99.20138888888889,0901,ZONA METROPOLITANA DE LA CD. DE MEXICO,True,REPDA_ANEXOS_SUB_2025-06
5DFE100003/26FMGR94,MANUEL MUÑOS MUÑOS /BAÑOS RIVIERA,INDUSTRIAL,97200.0,0.0972,97200.0,0.0972,1994-06-23,19.37444444444445,-99.18722222222225,0901,ZONA METROPOLITANA DE LA CD. DE MEXICO,True,REPDA_ANEXOS_SUB_2025-06
5DFE100636/26EMGR96,MANUEL SIEIRO CASTRO/BAÑOS CHOPO,SERVICIOS,1126.0,0.001126,1126.0,0.001126,1997-02-07,19.448611111111116,-99.1527777777778,0901,ZONA METROPOLITANA DE LA CD. DE MEXICO,True,REPDA_ANEXOS_SUB_2025-06
5DFE100133/26FMGR95,"EL DUERO, S.A. DE C.V.",INDUSTRIAL,12528.0,0.012528,12528.0,0.012528,1995-09-07,19.4375,-99.20555555555556,0901,ZONA METROPOLITANA DE LA CD. DE MEXICO,True,REPDA_ANEXOS_SUB_2025-06
13DFE100309/26HMGC18,SISTEMA DE AGUAS DE LA CIUDAD DE MEXICO,PÚBLICO URBANO,630720.0,0.63072,3754.285714285714,0.0037542857142857143,1996-06-28,19.3025,-99.17194444444443,0901,ZONA METROPOLITANA DE LA CD. DE MEXICO,True,REPDA_ANEXOS_SUB_2025-06
13DFE100309/26HMGC18,SISTEMA DE AGUAS DE LA CIUDAD DE MEXICO,PÚBLICO URBANO,1040688.0,1.040688,6194.571428571428,0.006194571428571429,1996-06-28,19.296472222222224,-99.19522222222224,0901,ZONA METROPOLITANA DE LA CD. DE MEXICO,True,REPDA_ANEXOS_SUB_2025-06
13DFE100309/26HMGC18,SISTEMA DE AGUAS DE LA CIUDAD DE MEXICO,PÚBLICO URBANO,536112.0,0.536112,3191.1428571428573,0.0031911428571428572,1996-06-28,19.29427777777778,-99.19547222222222,0901,ZONA METROPOLITANA DE LA CD. DE MEXICO,True,REPDA_ANEXOS_SUB_2025-06
13DFE100309/26HMGC18,SISTEMA DE AGUAS DE LA CIUDAD DE MEXICO,PÚBLICO URBANO,756864.0,0.756864,4505.142857142857,0.004505142857142857,1996-06-28,19.305027777777777,-99.20636111111112,0901,ZONA METROPOLITANA DE LA CD. DE MEXICO,True,REPDA_ANEXOS_SUB_2025-06
13DFE100309/26HMGC18,SISTEMA DE AGUAS DE LA CIUDAD DE MEXICO,PÚBLICO URBANO,1229904.0,1.229904,7320.857142857143,0.007320857142857143,1996-06-28,19.303166666666662,-99.23127777777778,0901,ZONA METROPOLITANA DE LA CD. DE MEXICO,True,REPDA_ANEXOS_SUB_2025-06
13DFE100309/26HMGC18,SISTEMA DE AGUAS DE LA CIUDAD DE MEXICO,PÚBLICO URBANO,504576.0,0.504576,3003.4285714285716,0.0030034285714285714,1996-06-28,19.303583333333336,-99.17822222222225,0901,ZONA METROPOLITANA DE LA CD. DE MEXICO,True,REPDA_ANEXOS_SUB_2025-06
13DFE100309/26HMGC18,SISTEMA DE AGUAS DE LA CIUDAD DE MEXICO,PÚBLICO URBANO,2239056.0,2.239056,13327.714285714286,0.013327714285714286,1996-06-28,19.302611111111112,-99.1901388888889,0901,ZONA METROPOLITANA DE LA CD. DE MEXICO,True,REPDA_ANEXOS_SUB_2025-06
13DFE100309/26HMGC18,SISTEMA DE AGUAS DE LA CIUDAD DE MEXICO,PÚBLICO URBANO,1702944.0,1.702944,10136.57142857143,0.010136571428571429,1996-06-28,19.30255555555556,-99.19336111111112,0901,ZONA METROPOLITANA DE LA CD. DE MEXICO,True,REPDA_ANEXOS_SUB_2025-06
13DFE100309/26HMGC18,SISTEMA DE AGUAS DE LA CIUDAD DE MEXICO,PÚBLICO URBANO,1040688.0,1.040688,6194.571428571428,0.006194571428571429,1996-06-28,19.307166666666667,-99.21308333333332,0901,ZONA METROPOLITANA DE LA CD. DE MEXICO,True,REPDA_ANEXOS_SUB_2025-06
13DFE100309/26HMGC18,SISTEMA DE AGUAS DE LA CIUDAD DE MEXICO,PÚBLICO URBANO,1229904.0,1.229904,7320.857142857143,0.007320857142857143,1996-06-28,19.31230555555556,-99.16980555555556,0901,ZONA METROPOLITANA DE LA CD. DE MEXICO,True,REPDA_ANEXOS_SUB_2025-06
13DFE100309/26HMGC18,SISTEMA DE AGUAS DE LA CIUDAD DE MEXICO,PÚBLICO URBANO,946080.0,0.94608,5631.428571428572,0.005631428571428572,1996-06-28,19.330305555555555,-99.16277777777778,0901,ZONA METROPOLITANA DE LA CD. DE MEXICO,True,REPDA_ANEXOS_SUB_2025-06
13DFE100309/26HMGC18,SISTEMA DE AGUAS DE LA CIUDAD DE MEXICO,PÚBLICO URBANO,1009152.0,1.009152,6006.857142857143,0.006006857142857143,1996-06-28,19.29077777777778,-99.16130555555556,0901,ZONA METROPOLITANA DE LA CD. DE MEXICO,True,REPDA_ANEXOS_SUB_2025-06
13DFE100309/26HMGC18,SISTEMA DE AGUAS DE LA CIUDAD DE MEXICO,PÚBLICO URBANO,536112.0,0.536112,3191.1428571428573,0.0031911428571428572,1996-06-28,19.27211111111111,-99.15941666666669,0901,ZONA METROPOLITANA DE LA CD. DE MEXICO,True,REPDA_ANEXOS_SUB_2025-06
13DFE100309/26HMGC18,SISTEMA DE AGUAS DE LA CIUDAD DE MEXICO,PÚBLICO URBANO,567648.0,0.567648,3378.8571428571427,0.0033788571428571426,1996-06-28,19.281888888888886,-99.17433333333334,0901,ZONA METROPOLITANA DE LA CD. DE MEXICO,True,REPDA_ANEXOS_SUB_2025-06
13DFE100309/26HMGC18,SISTEMA DE AGUAS DE LA CIUDAD DE MEXICO,PÚBLICO URBANO,977616.0,0.977616,5819.142857142857,0.005819142857142857,1996-06-28,19.310305555555555,-99.222,0901,ZONA METROPOLITANA DE LA CD. DE MEXICO,True,REPDA_ANEXOS_SUB_2025-06
13DFE100309/26HMGC18,SISTEMA DE AGUAS DE LA CIUDAD DE MEXICO,PÚBLICO URBANO,946080.0,0.94608,5631.428571428572,0.005631428571428572,1996-06-28,19.30638888888889,-99.22361111111113,0901,ZONA METROPOLITANA DE LA CD. DE MEXICO,True,REPDA_ANEXOS_SUB_2025-06
13DFE100309/26HMGC18,SISTEMA DE AGUAS DE LA CIUDAD DE MEXICO,PÚBLICO URBANO,1040688.0,1.040688,6194.571428571428,0.006194571428571429,1996-06-28,19.308111111111117,-99.21775,0901,ZONA METROPOLITANA DE LA CD. DE MEXICO,True,REPDA_ANEXOS_SUB_2025-06
13DFE100309/26HMGC18,SISTEMA DE AGUAS DE LA CIUDAD DE MEXICO,PÚBLICO URBANO,662256.0,0.662256,3942.0,0.003942,1996-06-28,19.315527777777778,-99.22113888888887,0901,ZONA METROPOLITANA DE LA CD. DE MEXICO,True,REPDA_ANEXOS_SUB_2025-06
13DFE100309/26HMGC18,SISTEMA DE AGUAS DE LA CIUDAD DE MEXICO,PÚBLICO URBANO,914544.0,0.914544,5443.714285714285,0.005443714285714285,1996-06-28,19.302222222222223,-99.21061111111112,0901,ZONA METROPOLITANA DE LA CD. DE MEXICO,True,REPDA_ANEXOS_SUB_2025-06
13DFE100309/26HMGC18,SISTEMA DE AGUAS DE LA CIUDAD DE MEXICO,PÚBLICO URBANO,662256.0,0.662256,3942.0,0.003942,1996-06-28,19.30063888888889,-99.21925,0901,ZONA METROPOLITANA DE LA CD. DE MEXICO,True,REPDA_ANEXOS_SUB_2025-06
13DFE100309/26HMGC18,SISTEMA DE AGUAS DE LA CIUDAD DE MEXICO,PÚBLICO URBANO,1450656.0,1.450656,8634.857142857143,0.008634857142857144,1996-06-28,19.308972222222224,-99.17141666666669,0901,ZONA METROPOLITANA DE LA CD. DE MEXICO,True,REPDA_ANEXOS_SUB_2025-06
13DFE100309/26HMGC18,SISTEMA DE AGUAS DE LA CIUDAD DE MEXICO,PÚBLICO URBANO,788400.0,0.7884,4692.857142857143,0.004692857142857143,1996-06-28,19.27133333333333,-99.1701388888889,0901,ZONA METROPOLITANA DE LA CD. DE MEXICO,True,REPDA_ANEXOS_SUB_2025-06
13DFE100309/26HMGC18,SISTEMA DE AGUAS DE LA CIUDAD DE MEXICO,PÚBLICO URBANO,1513728.0,1.513728,9010.285714285714,0.009010285714285714,1996-06-28,19.33838888888889,-99.18925,0901,ZONA METROPOLITANA DE LA CD. DE MEXICO,True,REPDA_ANEXOS_SUB_2025-06
13DFE100309/26HMGC18,SISTEMA DE AGUAS DE LA CIUDAD DE MEXICO,PÚBLICO URBANO,788400.0,0.7884,4692.857142857143,0.004692857142857143,1996-06-28,19.27213888888889,-99.17375,0901,ZONA METROPOLITANA DE LA CD. DE MEXICO,True,REPDA_ANEXOS_SUB_2025-06
13DFE100309/26HMGC18,SISTEMA DE AGUAS DE LA CIUDAD DE MEXICO,PÚBLICO URBANO,1545264.0,1.545264,9198.0,0.009198,1996-06-28,19.28383333333333,-99.16122222222222,0901,ZONA METROPOLITANA DE LA CD. DE MEXICO,True,REPDA_ANEXOS_SUB_2025-06
13DFE100309/26HMGC18,SISTEMA DE AGUAS DE LA CIUDAD DE MEXICO,PÚBLICO URBANO,914544.0,0.914544,5443.714285714285,0.005443714285714285,1996-06-28,19.281166666666667,-99.16308333333332,0901,ZONA METROPOLITANA DE LA CD. DE MEXICO,True,REPDA_ANEXOS_SUB_2025-06
13DFE100309/26HMGC18,SISTEMA DE AGUAS DE LA CIUDAD DE MEXICO,PÚBLICO URBANO,1513728.0,1.513728,9010.285714285714,0.009010285714285714,1996-06-28,19.32488888888889,-99.15994444444443,0901,ZONA METROPOLITANA DE LA CD. DE MEXICO,True,REPDA_ANEXOS_SUB_2025-06
13DFE100309/26HMGC18,SISTEMA DE AGUAS DE LA CIUDAD DE MEXICO,PÚBLICO URBANO,2554416.0,2.554416,15204.857142857143,0.015204857142857143,1996-06-28,19.29188888888889,-99.1526388888889,0901,ZONA METROPOLITANA DE LA CD. DE MEXICO,True,REPDA_ANEXOS_SUB_2025-06
13DFE100309/26HMGC18,SISTEMA DE AGUAS DE LA CIUDAD DE MEXICO,PÚBLICO URBANO,756864.0,0.756864,4505.142857142857,0.004505142857142857,1996-06-28,19.296277777777775,-99.15586111111112,0901,ZONA METROPOLITANA DE LA CD. DE MEXICO,True,REPDA_ANEXOS_SUB_2025-06
13DFE100309/26HMGC18,SISTEMA DE AGUAS DE LA CIUDAD DE MEXICO,PÚBLICO URBANO,1261440.0,1.26144,7508.571428571428,0.007508571428571429,1996-06-28,19.299277777777775,-99.15744444444444,0901,ZONA METROPOLITANA DE LA CD. DE MEXICO,True,REPDA_ANEXOS_SUB_2025-06
13DFE100309/26HMGC18,SISTEMA DE AGUAS DE LA CIUDAD DE MEXICO,PÚBLICO URBANO,725328.0,0.725328,4317.428571428572,0.004317428571428572,1996-06-28,19.30138888888889,-99.16202777777778,0901,ZONA METROPOLITANA DE LA CD. DE MEXICO,True,REPDA_ANEXOS_SUB_2025-06
13DFE100309/26HMGC18,SISTEMA DE AGUAS DE LA CIUDAD DE MEXICO,PÚBLICO URBANO,1639872.0,1.639872,9761.142857142857,0.009761142857142857,1996-06-28,19.308611111111112,-99.165,0901,ZONA METROPOLITANA DE LA CD. DE MEXICO,True,REPDA_ANEXOS_SUB_2025-06
13DFE100309/26HMGC18,SISTEMA DE AGUAS DE LA CIUDAD DE MEXICO,PÚBLICO URBANO,693792.0,0.693792,4129.714285714285,0.004129714285714285,1996-06-28,19.364500000000003,-99.17444444444445,0901,ZONA METROPOLITANA DE LA CD. DE MEXICO,True,REPDA_ANEXOS_SUB_2025-06
13DFE100309/26HMGC18,SISTEMA DE AGUAS DE LA CIUDAD DE MEXICO,PÚBLICO URBANO,788400.0,0.7884,4692.857142857143,0.004692857142857143,1996-06-28,19.307222222222222,-99.15805555555556,0901,ZONA METROPOLITANA DE LA CD. DE MEXICO,True,REPDA_ANEXOS_SUB_2025-06
13DFE100309/26HMGC18,SISTEMA DE AGUAS DE LA CIUDAD DE MEXICO,PÚBLICO URBANO,473040.0,0.47304,2815.714285714286,0.002815714285714286,1996-06-28,19.28805555555556,-99.15,0901,ZONA METROPOLITANA DE LA CD. DE MEXICO,True,REPDA_ANEXOS_SUB_2025-06
13DFE100309/26HMGC18,SISTEMA DE AGUAS DE LA CIUDAD DE MEXICO,PÚBLICO URBANO,788400.0,0.7884,4692.857142857143,0.004692857142857143,1996-06-28,19.3075,-99.18,0901,ZONA METROPOLITANA DE LA CD. DE MEXICO,True,REPDA_ANEXOS_SUB_2025-06
13DFE100309/26HMGC18,SISTEMA DE AGUAS DE LA CIUDAD DE MEXICO,PÚBLICO URBANO,788400.0,0.7884,4692.857142857143,0.004692857142857143,1996-06-28,19.320194444444443,-99.15861111111111,0901,ZONA METROPOLITANA DE LA CD. DE MEXICO,True,REPDA_ANEXOS_SUB_2025-06
13DFE100309/26HMGC18,SISTEMA DE AGUAS DE LA CIUDAD DE MEXICO,PÚBLICO URBANO,1702944.0,1.702944,10136.57142857143,0.010136571428571429,1996-06-28,19.317777777777778,-99.16444444444446,0901,ZONA METROPOLITANA DE LA CD. DE MEXICO,True,REPDA_ANEXOS_SUB_2025-06
13DFE100309/26HMGC18,SISTEMA DE AGUAS DE LA CIUDAD DE MEXICO,PÚBLICO URBANO,630720.0,0.63072,3754.285714285714,0.0037542857142857143,1996-06-28,19.37594444444445,-99.19611111111112,0901,ZONA METROPOLITANA DE LA CD. DE MEXICO,True,REPDA_ANEXOS_SUB_2025-06
13DFE100309/26HMGC18,SISTEMA DE AGUAS DE LA CIUDAD DE MEXICO,PÚBLICO URBANO,1166832.0,1.166832,6945.428571428572,0.006945428571428571,1996-06-28,19.34797222222222,-99.19930555555555,0901,ZONA METROPOLITANA DE LA CD. DE MEXICO,True,REPDA_ANEXOS_SUB_2025-06
13DFE100309/26HMGC18,SISTEMA DE AGUAS DE LA CIUDAD DE MEXICO,PÚBLICO URBANO,725328.0,0.725328,4317.428571428572,0.004317428571428572,1996-06-28,19.342444444444443,-99.17991666666668,0901,ZONA METROPOLITANA DE LA CD. DE MEXICO,True,REPDA_ANEXOS_SUB_2025-06
13DFE100309/26HMGC18,SISTEMA DE AGUAS DE LA CIUDAD DE MEXICO,PÚBLICO URBANO,1103760.0,1.10376,6570.0,0.00657,1996-06-28,19.383444444444443,-99.18711111111112,0901,ZONA METROPOLITANA DE LA CD. DE MEXICO,True,REPDA_ANEXOS_SUB_2025-06
13DFE100309/26HMGC18,SISTEMA DE AGUAS DE LA CIUDAD DE MEXICO,PÚBLICO URBANO,725328.0,0.725328,4317.428571428572,0.004317428571428572,1996-06-28,19.357111111111116,-99.16711111111113,0901,ZONA METROPOLITANA DE LA CD. DE MEXICO,True,REPDA_ANEXOS_SUB_2025-06
13DFE100309/26HMGC18,SISTEMA DE AGUAS DE LA CIUDAD DE MEXICO,PÚBLICO URBANO,378432.0,0.378432,2252.5714285714284,0.0022525714285714284,1996-06-28,19.27683333333333,-99.16580555555556,0901,ZONA METROPOLITANA DE LA CD. DE MEXICO,True,REPDA_ANEXOS_SUB_2025-06
13DFE100309/26HMGC18,SISTEMA DE AGUAS DE LA CIUDAD DE MEXICO,PÚBLICO URBANO,126144.0,0.126144,750.8571428571429,0.0007508571428571428,1996-06-28,19.366444444444447,-99.19286111111111,0901,ZONA METROPOLITANA DE LA CD. DE MEXICO,True,REPDA_ANEXOS_SUB_2025-06
13DFE100309/26HMGC18,SISTEMA DE AGUAS DE LA CIUDAD DE MEXICO,PÚBLICO URBANO,1261440.0,1.26144,7508.571428571428,0.007508571428571429,1996-06-28,19.434416666666667,-99.20166666666668,0901,ZONA METROPOLITANA DE LA CD. DE MEXICO,True,REPDA_ANEXOS_SUB_2025-06
13DFE100309/26HMGC18,SISTEMA DE AGUAS DE LA CIUDAD DE MEXICO,PÚBLICO URBANO,788400.0,0.7884,4692.857142857143,0.004692857142857143,1996-06-28,19.33655555555556,-99.18544444444444,0901,ZONA METROPOLITANA DE LA CD. DE MEXICO,True,REPDA_ANEXOS_SUB_2025-06
13DFE100309/26HMGC18,SISTEMA DE AGUAS DE LA CIUDAD DE MEXICO,PÚBLICO URBANO,819936.0,0.819936,4880.571428571428,0.0048805714285714286,1996-06-28,19.433666666666667,-99.18825,0901,ZONA METROPOLITANA DE LA CD. DE MEXICO,True,REPDA_ANEXOS_SUB_2025-06
13DFE100309/26HMGC18,SISTEMA DE AGUAS DE LA CIUDAD DE MEXICO,PÚBLICO URBANO,1356048.0,1.356048,8071.714285714285,0.008071714285714284,1996-06-28,19.278805555555557,-99.16908333333332,0901,ZONA METROPOLITANA DE LA CD. DE MEXICO,True,REPDA_ANEXOS_SUB_2025-06
13DFE100309/26HMGC18,SISTEMA DE AGUAS DE LA CIUDAD DE MEXICO,PÚBLICO URBANO,725328.0,0.725328,4317.428571428572,0.004317428571428572,1996-06-28,19.291472222222225,-99.18311111111112,0901,ZONA METROPOLITANA DE LA CD. DE MEXICO,True,REPDA_ANEXOS_SUB_2025-06
13DFE100309/26HMGC18,SISTEMA DE AGUAS DE LA CIUDAD DE MEXICO,PÚBLICO URBANO,662256.0,0.662256,3942.0,0.003942,1996-06-28,19.41638888888889,-99.18916666666668,0901,ZONA METROPOLITANA DE LA CD. DE MEXICO,True,REPDA_ANEXOS_SUB_2025-06
13DFE100309/26HMGC18,SISTEMA DE AGUAS DE LA CIUDAD DE MEXICO,PÚBLICO URBANO,1040688.0,1.040688,6194.571428571428,0.006194571428571429,1996-06-28,19.34386111111111,-99.18411111111112,0901,ZONA METROPOLITANA DE LA CD. DE MEXICO,True,REPDA_ANEXOS_SUB_2025-06
13DFE100309/26HMGC18,SISTEMA DE AGUAS DE LA CIUDAD DE MEXICO,PÚBLICO URBANO,914544.0,0.914544,5443.714285714285,0.005443714285714285,1996-06-28,19.444027777777777,-99.20772222222224,0901,ZONA METROPOLITANA DE LA CD. DE MEXICO,True,REPDA_ANEXOS_SUB_2025-06
13DFE100309/26HMGC18,SISTEMA DE AGUAS DE LA CIUDAD DE MEXICO,PÚBLICO URBANO,819936.0,0.819936,4880.571428571428,0.0048805714285714286,1996-06-28,19.29352777777778,-99.17838888888888,0901,ZONA METROPOLITANA DE LA CD. DE MEXICO,True,REPDA_ANEXOS_SUB_2025-06
13DFE100309/26HMGC18,SISTEMA DE AGUAS DE LA CIUDAD DE MEXICO,PÚBLICO URBANO,883008.0,0.883008,5256.0,0.005256,1996-06-28,19.344305555555557,-99.19186111111112,0901,ZONA METROPOLITANA DE LA CD. DE MEXICO,True,REPDA_ANEXOS_SUB_2025-06
13DFE100309/26HMGC18,SISTEMA DE AGUAS DE LA CIUDAD DE MEXICO,PÚBLICO URBANO,819936.0,0.819936,4880.571428571428,0.0048805714285714286,1996-06-28,19.31738888888889,-99.21083333333334,0901,ZONA METROPOLITANA DE LA CD. DE MEXICO,True,REPDA_ANEXOS_SUB_2025-06
13DFE100309/26HMGC18,SISTEMA DE AGUAS DE LA CIUDAD DE MEXICO,PÚBLICO URBANO,630720.0,0.63072,3754.285714285714,0.0037542857142857143,1996-06-28,19.36055555555556,-99.16055555555556,0901,ZONA METROPOLITANA DE LA CD. DE MEXICO,True,REPDA_ANEXOS_SUB_2025-06
13DFE100309/26HMGC18,SISTEMA DE AGUAS DE LA CIUDAD DE MEXICO,PÚBLICO URBANO,946080.0,0.94608,5631.428571428572,0.005631428571428572,1996-06-28,19.392666666666667,-99.18347222222222,0901,ZONA METROPOLITANA DE LA CD. DE MEXICO,True,REPDA_ANEXOS_SUB_2025-06
13DFE100309/26HMGC18,SISTEMA DE AGUAS DE LA CIUDAD DE MEXICO,PÚBLICO URBANO,1072224.0,1.072224,6382.285714285715,0.0063822857142857145,1996-06-28,19.37219444444445,-99.18375,0901,ZONA METROPOLITANA DE LA CD. DE MEXICO,True,REPDA_ANEXOS_SUB_2025-06
13DFE100309/26HMGC18,SISTEMA DE AGUAS DE LA CIUDAD DE MEXICO,PÚBLICO URBANO,1198368.0,1.198368,7133.142857142857,0.007133142857142857,1996-06-28,19.343888888888888,-99.16622222222225,0901,ZONA METROPOLITANA DE LA CD. DE MEXICO,True,REPDA_ANEXOS_SUB_2025-06
13DFE100309/26HMGC18,SISTEMA DE AGUAS DE LA CIUDAD DE MEXICO,PÚBLICO URBANO,1545264.0,1.545264,9198.0,0.009198,1996-06-28,19.447666666666667,-99.20119444444444,0901,ZONA METROPOLITANA DE LA CD. DE MEXICO,True,REPDA_ANEXOS_SUB_2025-06
13DFE100309/26HMGC18,SISTEMA DE AGUAS DE LA CIUDAD DE MEXICO,PÚBLICO URBANO,346896.0,0.346896,2064.8571428571427,0.0020648571428571426,1996-06-28,19.44105555555556,-99.17625,0901,ZONA METROPOLITANA DE LA CD. DE MEXICO,True,REPDA_ANEXOS_SUB_2025-06
13DFE100309/26HMGC18,SISTEMA DE AGUAS DE LA CIUDAD DE MEXICO,PÚBLICO URBANO,788400.0,0.7884,4692.857142857143,0.004692857142857143,1996-06-28,19.39713888888889,-99.18466666666669,0901,ZONA METROPOLITANA DE LA CD. DE MEXICO,True,REPDA_ANEXOS_SUB_2025-06
13DFE100309/26HMGC18,SISTEMA DE AGUAS DE LA CIUDAD DE MEXICO,PÚBLICO URBANO,1166832.0,1.166832,6945.428571428572,0.006945428571428571,1996-06-28,19.387888888888888,-99.1845277777778,0901,ZONA METROPOLITANA DE LA CD. DE MEXICO,True,REPDA_ANEXOS_SUB_2025-06
13DFE100309/26HMGC18,SISTEMA DE AGUAS DE LA CIUDAD DE MEXICO,PÚBLICO URBANO,441504.0,0.441504,2628.0,0.002628,1996-06-28,19.416361111111108,-99.19347222222224,0901,ZONA METROPOLITANA DE LA CD. DE MEXICO,True,REPDA_ANEXOS_SUB_2025-06
13DFE100309/26HMGC18,SISTEMA DE AGUAS DE LA CIUDAD DE MEXICO,PÚBLICO URBANO,788400.0,0.7884,4692.857142857143,0.004692857142857143,1996-06-28,19.39,-99.16388888888888,0901,ZONA METROPOLITANA DE LA CD. DE MEXICO,True,REPDA_ANEXOS_SUB_2025-06
13DFE100309/26HMGC18,SISTEMA DE AGUAS DE LA CIUDAD DE MEXICO,PÚBLICO URBANO,315360.0,0.31536,1877.142857142857,0.0018771428571428572,1996-06-28,19.38775,-99.1955,0901,ZONA METROPOLITANA DE LA CD. DE MEXICO,True,REPDA_ANEXOS_SUB_2025-06
13DFE100309/26HMGC18,SISTEMA DE AGUAS DE LA CIUDAD DE MEXICO,PÚBLICO URBANO,252288.0,0.252288,1501.7142857142858,0.0015017142857142857,1996-06-28,19.38730555555556,-99.15166666666669,0901,ZONA METROPOLITANA DE LA CD. DE MEXICO,True,REPDA_ANEXOS_SUB_2025-06
13DFE100309/26HMGC18,SISTEMA DE AGUAS DE LA CIUDAD DE MEXICO,PÚBLICO URBANO,1198368.0,1.198368,7133.142857142857,0.007133142857142857,1996-06-28,19.34347222222222,-99.1712777777778,0901,ZONA METROPOLITANA DE LA CD. DE MEXICO,True,REPDA_ANEXOS_SUB_2025-06
13DFE100309/26HMGC18,SISTEMA DE AGUAS DE LA CIUDAD DE MEXICO,PÚBLICO URBANO,1419120.0,1.41912,8447.142857142857,0.008447142857142856,1996-06-28,19.295527777777775,-99.17608333333334,0901,ZONA METROPOLITANA DE LA CD. DE MEXICO,True,REPDA_ANEXOS_SUB_2025-06
13DFE100309/26HMGC18,SISTEMA DE AGUAS DE LA CIUDAD DE MEXICO,PÚBLICO URBANO,599184.0,0.599184,3566.5714285714284,0.0035665714285714285,1996-06-28,19.322777777777777,-99.22027777777778,0901,ZONA METROPOLITANA DE LA CD. DE MEXICO,True,REPDA_ANEXOS_SUB_2025-06
13DFE100309/26HMGC18,SISTEMA DE AGUAS DE LA CIUDAD DE MEXICO,PÚBLICO URBANO,693792.0,0.693792,4129.714285714285,0.004129714285714285,1996-06-28,19.449444444444445,-99.2115,0901,ZONA METROPOLITANA DE LA CD. DE MEXICO,True,REPDA_ANEXOS_SUB_2025-06
13DFE100309/26HMGC18,SISTEMA DE AGUAS DE LA CIUDAD DE MEXICO,PÚBLICO URBANO,315360.0,0.31536,1877.142857142857,0.0018771428571428572,1996-06-28,19.29527777777778,-99.1825,0901,ZONA METROPOLITANA DE LA CD. DE MEXICO,True,REPDA_ANEXOS_SUB_2025-06
13DFE100309/26HMGC18,SISTEMA DE AGUAS DE LA CIUDAD DE MEXICO,PÚBLICO URBANO,756864.0,0.756864,4505.142857142857,0.004505142857142857,1996-06-28,19.397777777777776,-99.20416666666668,0901,ZONA METROPOLITANA DE LA CD. DE MEXICO,True,REPDA_ANEXOS_SUB_2025-06
13DFE100309/26HMGC18,SISTEMA DE AGUAS DE LA CIUDAD DE MEXICO,PÚBLICO URBANO,441504.0,0.441504,2628.0,0.002628,1996-06-28,19.34097222222222,-99.23969444444444,0901,ZONA METROPOLITANA DE LA CD. DE MEXICO,True,REPDA_ANEXOS_SUB_2025-06
13DFE100309/26HMGC18,SISTEMA DE AGUAS DE LA CIUDAD DE MEXICO,PÚBLICO URBANO,567648.0,0.567648,3378.8571428571427,0.0033788571428571426,1996-06-28,19.28488888888889,-99.16141666666668,0901,ZONA METROPOLITANA DE LA CD. DE MEXICO,True,REPDA_ANEXOS_SUB_2025-06
13DFE100309/26HMGC18,SISTEMA DE AGUAS DE LA CIUDAD DE MEXICO,PÚBLICO URBANO,1040688.0,1.040688,6194.571428571428,0.006194571428571429,1996-06-28,19.3515,-99.16975,0901,ZONA METROPOLITANA DE LA CD. DE MEXICO,True,REPDA_ANEXOS_SUB_2025-06
13DFE100309/26HMGC18,SISTEMA DE AGUAS DE LA CIUDAD DE MEXICO,PÚBLICO URBANO,409968.0,0.409968,2440.285714285714,0.0024402857142857143,1996-06-28,19.403305555555555,-99.17705555555555,0901,ZONA METROPOLITANA DE LA CD. DE MEXICO,True,REPDA_ANEXOS_SUB_2025-06
13DFE100309/26HMGC18,SISTEMA DE AGUAS DE LA CIUDAD DE MEXICO,PÚBLICO URBANO,977616.0,0.977616,5819.142857142857,0.005819142857142857,1996-06-28,19.3065,-99.1866388888889,0901,ZONA METROPOLITANA DE LA CD. DE MEXICO,True,REPDA_ANEXOS_SUB_2025-06
13DFE100309/26HMGC18,SISTEMA DE AGUAS DE LA CIUDAD DE MEXICO,PÚBLICO URBANO,883008.0,0.883008,5256.0,0.005256,1996-06-28,19.30161111111111,-99.18605555555555,0901,ZONA METROPOLITANA DE LA CD. DE MEXICO,True,REPDA_ANEXOS_SUB_2025-06
13DFE100309/26HMGC18,SISTEMA DE AGUAS DE LA CIUDAD DE MEXICO,PÚBLICO URBANO,346896.0,0.346896,2064.8571428571427,0.0020648571428571426,1996-06-28,19.296722222222225,-99.19241666666667,0901,ZONA METROPOLITANA DE LA CD. DE MEXICO,True,REPDA_ANEXOS_SUB_2025-06
13DFE100309/26HMGC18,SISTEMA DE AGUAS DE LA CIUDAD DE MEXICO,PÚBLICO URBANO,819936.0,0.819936,4880.571428571428,0.0048805714285714286,1996-06-28,19.37627777777778,-99.26419444444444,0901,ZONA METROPOLITANA DE LA CD. DE MEXICO,True,REPDA_ANEXOS_SUB_2025-06
13DFE100309/26HMGC18,SISTEMA DE AGUAS DE LA CIUDAD DE MEXICO,PÚBLICO URBANO,630720.0,0.63072,3754.285714285714,0.0037542857142857143,1996-06-28,19.29583333333333,-99.15055555555556,0901,ZONA METROPOLITANA DE LA CD. DE MEXICO,True,REPDA_ANEXOS_SUB_2025-06
13DFE100309/26HMGC18,SISTEMA DE AGUAS DE LA CIUDAD DE MEXICO,PÚBLICO URBANO,315360.0,0.31536,1877.142857142857,0.0018771428571428572,1996-06-28,19.285833333333336,-99.16636111111112,0901,ZONA METROPOLITANA DE LA CD. DE MEXICO,True,REPDA_ANEXOS_SUB_2025-06
13DFE100309/26HMGC18,SISTEMA DE AGUAS DE LA CIUDAD DE MEXICO,PÚBLICO URBANO,914544.0,0.914544,5443.714285714285,0.005443714285714285,1996-06-28,19.41027777777777,-99.15861111111111,0901,ZONA METROPOLITANA DE LA CD. DE MEXICO,True,REPDA_ANEXOS_SUB_2025-06
13DFE100309/26HMGC18,SISTEMA DE AGUAS DE LA CIUDAD DE MEXICO,PÚBLICO URBANO,1135296.0,1.135296,6757.714285714285,0.006757714285714285,1996-06-28,19.3395,-99.16611111111112,0901,ZONA METROPOLITANA DE LA CD. DE MEXICO,True,REPDA_ANEXOS_SUB_2025-06
13DFE100309/26HMGC18,SISTEMA DE AGUAS DE LA CIUDAD DE MEXICO,PÚBLICO URBANO,1608336.0,1.608336,9573.42857142857,0.009573428571428571,1996-06-28,19.372444444444444,-99.15472222222223,0901,ZONA METROPOLITANA DE LA CD. DE MEXICO,True,REPDA_ANEXOS_SUB_2025-06
13DFE100309/26HMGC18,SISTEMA DE AGUAS DE LA CIUDAD DE MEXICO,PÚBLICO URBANO,567648.0,0.567648,3378.8571428571427,0.0033788571428571426,1996-06-28,19.278055555555557,-99.18083333333334,0901,ZONA METROPOLITANA DE LA CD. DE MEXICO,True,REPDA_ANEXOS_SUB_2025-06
13DFE100309/26HMGC18,SISTEMA DE AGUAS DE LA CIUDAD DE MEXICO,PÚBLICO URBANO,1545264.0,1.545264,9198.0,0.009198,1996-06-28,19.300527777777777,-99.15205555555556,0901,ZONA METROPOLITANA DE LA CD. DE MEXICO,True,REPDA_ANEXOS_SUB_2025-06
13DFE100309/26HMGC18,SISTEMA DE AGUAS DE LA CIUDAD DE MEXICO,PÚBLICO URBANO,725328.0,0.725328,4317.428571428572,0.004317428571428572,1996-06-28,19.265027777777775,-99.16066666666669,0901,ZONA METROPOLITANA DE LA CD. DE MEXICO,True,REPDA_ANEXOS_SUB_2025-06
13DFE100309/26HMGC18,SISTEMA DE AGUAS DE LA CIUDAD DE MEXICO,PÚBLICO URBANO,315360.0,0.31536,1877.142857142857,0.0018771428571428572,1996-06-28,19.28388888888889,-99.23194444444444,0901,ZONA METROPOLITANA DE LA CD. DE MEXICO,True,REPDA_ANEXOS_SUB_2025-06
13DFE100309/26HMGC18,SISTEMA DE AGUAS DE LA CIUDAD DE MEXICO,PÚBLICO URBANO,630720.0,0.63072,3754.285714285714,0.0037542857142857143,1996-06-28,19.39022222222222,-99.1926388888889,0901,ZONA METROPOLITANA DE LA CD. DE MEXICO,True,REPDA_ANEXOS_SUB_2025-06
13DFE100309/26HMGC18,SISTEMA DE AGUAS DE LA CIUDAD DE MEXICO,PÚBLICO URBANO,536112.0,0.536112,3191.1428571428573,0.0031911428571428572,1996-06-28,19.299611111111112,-99.20508333333332,0901,ZONA METROPOLITANA DE LA CD. DE MEXICO,True,REPDA_ANEXOS_SUB_2025-06
13DFE100309/26HMGC18,SISTEMA DE AGUAS DE LA CIUDAD DE MEXICO,PÚBLICO URBANO,157680.0,0.15768,938.5714285714286,0.0009385714285714286,1996-06-28,19.363666666666667,-99.27255555555556,0901,ZONA METROPOLITANA DE LA CD. DE MEXICO,True,REPDA_ANEXOS_SUB_2025-06
13DFE100309/26HMGC18,SISTEMA DE AGUAS DE LA CIUDAD DE MEXICO,PÚBLICO URBANO,157680.0,0.15768,938.5714285714286,0.0009385714285714286,1996-06-28,19.3105,-99.17277777777778,0901,ZONA METROPOLITANA DE LA CD. DE MEXICO,True,REPDA_ANEXOS_SUB_2025-06
13DFE100309/26HMGC18,SISTEMA DE AGUAS DE LA CIUDAD DE MEXICO,PÚBLICO URBANO,1103760.0,1.10376,6570.0,0.00657,1996-06-28,19.33936111111111,-99.15266666666668,0901,ZONA METROPOLITANA DE LA CD. DE MEXICO,True,REPDA_ANEXOS_SUB_2025-06
13DFE100309/26HMGC18,SISTEMA DE AGUAS DE LA CIUDAD DE MEXICO,PÚBLICO URBANO,839808.0,0.839808,4998.857142857143,0.004998857142857143,1996-06-28,19.43430555555556,-99.20744444444443,0901,ZONA METROPOLITANA DE LA CD. DE MEXICO,True,REPDA_ANEXOS_SUB_2025-06
13DFE100309/26HMGC18,SISTEMA DE AGUAS DE LA CIUDAD DE MEXICO,PÚBLICO URBANO,819936.0,0.819936,4880.571428571428,0.0048805714285714286,1996-06-28,19.445166666666665,-99.19402777777778,0901,ZONA METROPOLITANA DE LA CD. DE MEXICO,True,REPDA_ANEXOS_SUB_2025-06
13DFE100309/26HMGC18,SISTEMA DE AGUAS DE LA CIUDAD DE MEXICO,PÚBLICO URBANO,1324512.0,1.324512,7884.0,0.007884,1996-06-28,19.34875,-99.17472222222224,0901,ZONA METROPOLITANA DE LA CD. DE MEXICO,True,REPDA_ANEXOS_SUB_2025-06
13DFE100309/26HMGC18,SISTEMA DE AGUAS DE LA CIUDAD DE MEXICO,PÚBLICO URBANO,883008.0,0.883008,5256.0,0.005256,1996-06-28,19.316111111111116,-99.15805555555556,0901,ZONA METROPOLITANA DE LA CD. DE MEXICO,True,REPDA_ANEXOS_SUB_2025-06
13DFE100309/26HMGC18,SISTEMA DE AGUAS DE LA CIUDAD DE MEXICO,PÚBLICO URBANO,946080.0,0.94608,5631.428571428572,0.005631428571428572,1996-06-28,19.32397222222222,-99.17291666666668,0901,ZONA METROPOLITANA DE LA CD. DE MEXICO,True,REPDA_ANEXOS_SUB_2025-06
13DFE100309/26HMGC18,SISTEMA DE AGUAS DE LA CIUDAD DE MEXICO,PÚBLICO URBANO,536112.0,0.536112,3191.1428571428573,0.0031911428571428572,1996-06-28,19.307194444444445,-99.16294444444443,0901,ZONA METROPOLITANA DE LA CD. DE MEXICO,True,REPDA_ANEXOS_SUB_2025-06
13DFE100309/26HMGC18,SISTEMA DE AGUAS DE LA CIUDAD DE MEXICO,PÚBLICO URBANO,536112.0,0.536112,3191.1428571428573,0.0031911428571428572,1996-06-28,19.305722222222222,-99.15291666666668,0901,ZONA METROPOLITANA DE LA CD. DE MEXICO,True,REPDA_ANEXOS_SUB_2025-06
13DFE100309/26HMGC18,SISTEMA DE AGUAS DE LA CIUDAD DE MEXICO,PÚBLICO URBANO,1608336.0,1.608336,9573.42857142857,0.009573428571428571,1996-06-28,19.328972222222223,-99.15641666666669,0901,ZONA METROPOLITANA DE LA CD. DE MEXICO,True,REPDA_ANEXOS_SUB_2025-06
13DFE100309/26HMGC18,SISTEMA DE AGUAS DE LA CIUDAD DE MEXICO,PÚBLICO URBANO,1166832.0,1.166832,6945.428571428572,0.006945428571428571,1996-06-28,19.331694444444445,-99.15158333333332,0901,ZONA METROPOLITANA DE LA CD. DE MEXICO,True,REPDA_ANEXOS_SUB_2025-06
13DFE100309/26HMGC18,SISTEMA DE AGUAS DE LA CIUDAD DE MEXICO,PÚBLICO URBANO,630720.0,0.63072,3754.285714285714,0.0037542857142857143,1996-06-28,19.27861111111111,-99.19055555555556,0901,ZONA METROPOLITANA DE LA CD. DE MEXICO,True,REPDA_ANEXOS_SUB_2025-06
13DFE100309/26HMGC18,SISTEMA DE AGUAS DE LA CIUDAD DE MEXICO,PÚBLICO URBANO,630720.0,0.63072,3754.285714285714,0.0037542857142857143,1996-06-28,19.3545,-99.16086111111112,0901,ZONA METROPOLITANA DE LA CD. DE MEXICO,True,REPDA_ANEXOS_SUB_2025-06
13DFE100309/26HMGC18,SISTEMA DE AGUAS DE LA CIUDAD DE MEXICO,PÚBLICO URBANO,630720.0,0.63072,3754.285714285714,0.0037542857142857143,1996-06-28,19.28608333333333,-99.17997222222225,0901,ZONA METROPOLITANA DE LA CD. DE MEXICO,True,REPDA_ANEXOS_SUB_2025-06
13DFE100309/26HMGC18,SISTEMA DE AGUAS DE LA CIUDAD DE MEXICO,PÚBLICO URBANO,819936.0,0.819936,4880.571428571428,0.0048805714285714286,1996-06-28,19.297416666666667,-99.20952777777778,0901,ZONA METROPOLITANA DE LA CD. DE MEXICO,True,REPDA_ANEXOS_SUB_2025-06
13DFE100309/26HMGC18,SISTEMA DE AGUAS DE LA CIUDAD DE MEXICO,PÚBLICO URBANO,599184.0,0.599184,3566.5714285714284,0.0035665714285714285,1996-06-28,19.307222222222222,-99.22797222222222,0901,ZONA METROPOLITANA DE LA CD. DE MEXICO,True,REPDA_ANEXOS_SUB_2025-06
13DFE100309/26HMGC18,SISTEMA DE AGUAS DE LA CIUDAD DE MEXICO,PÚBLICO URBANO,1986768.0,1.986768,11826.0,0.011826,1996-06-28,19.31194444444445,-99.1563888888889,0901,ZONA METROPOLITANA DE LA CD. DE MEXICO,True,REPDA_ANEXOS_SUB_2025-06
13DFE100309/26HMGC18,SISTEMA DE AGUAS DE LA CIUDAD DE MEXICO,PÚBLICO URBANO,914544.0,0.914544,5443.714285714285,0.005443714285714285,1996-06-28,19.31838888888889,-99.17027777777778,0901,ZONA METROPOLITANA DE LA CD. DE MEXICO,True,REPDA_ANEXOS_SUB_2025-06
13DFE100309/26HMGC18,SISTEMA DE AGUAS DE LA CIUDAD DE MEXICO,PÚBLICO URBANO,946080.0,0.94608,5631.428571428572,0.005631428571428572,1996-06-28,19.300944444444447,-99.17875,0901,ZONA METROPOLITANA DE LA CD. DE MEXICO,True,REPDA_ANEXOS_SUB_2025-06
13DFE100309/26HMGC18,SISTEMA DE AGUAS DE LA CIUDAD DE MEXICO,PÚBLICO URBANO,599184.0,0.599184,3566.5714285714284,0.0035665714285714285,1996-06-28,19.29180555555556,-99.17186111111111,0901,ZONA METROPOLITANA DE LA CD. DE MEXICO,True,REPDA_ANEXOS_SUB_2025-06
13DFE100309/26HMGC18,SISTEMA DE AGUAS DE LA CIUDAD DE MEXICO,PÚBLICO URBANO,1292976.0,1.292976,7696.285714285715,0.0076962857142857145,1996-06-28,19.35805555555556,-99.1538888888889,0901,ZONA METROPOLITANA DE LA CD. DE MEXICO,True,REPDA_ANEXOS_SUB_2025-06
13DFE100309/26HMGC18,SISTEMA DE AGUAS DE LA CIUDAD DE MEXICO,PÚBLICO URBANO,977616.0,0.977616,5819.142857142857,0.005819142857142857,1996-06-28,19.29002777777778,-99.18111111111112,0901,ZONA METROPOLITANA DE LA CD. DE MEXICO,True,REPDA_ANEXOS_SUB_2025-06
13DFE100309/26HMGC18,SISTEMA DE AGUAS DE LA CIUDAD DE MEXICO,PÚBLICO URBANO,1103760.0,1.10376,6570.0,0.00657,1996-06-28,19.34361111111111,-99.20805555555556,0901,ZONA METROPOLITANA DE LA CD. DE MEXICO,True,REPDA_ANEXOS_SUB_2025-06
13DFE100309/26HMGC18,SISTEMA DE AGUAS DE LA CIUDAD DE MEXICO,PÚBLICO URBANO,630720.0,0.63072,3754.285714285714,0.0037542857142857143,1996-06-28,19.366666666666667,-99.20527777777778,0901,ZONA METROPOLITANA DE LA CD. DE MEXICO,True,REPDA_ANEXOS_SUB_2025-06
13DFE100309/26HMGC18,SISTEMA DE AGUAS DE LA CIUDAD DE MEXICO,PÚBLICO URBANO,630720.0,0.63072,3754.285714285714,0.0037542857142857143,1996-06-28,19.37163888888889,-99.20591666666668,0901,ZONA METROPOLITANA DE LA CD. DE MEXICO,True,REPDA_ANEXOS_SUB_2025-06
13DFE100309/26HMGC18,SISTEMA DE AGUAS DE LA CIUDAD DE MEXICO,PÚBLICO URBANO,630720.0,0.63072,3754.285714285714,0.0037542857142857143,1996-06-28,19.299444444444447,-99.19944444444444,0901,ZONA METROPOLITANA DE LA CD. DE MEXICO,True,REPDA_ANEXOS_SUB_2025-06
13DFE100309/26HMGC18,SISTEMA DE AGUAS DE LA CIUDAD DE MEXICO,PÚBLICO URBANO,1009152.0,1.009152,6006.857142857143,0.006006857142857143,1996-06-28,19.37138888888889,-99.16083333333334,0901,ZONA METROPOLITANA DE LA CD. DE MEXICO,True,REPDA_ANEXOS_SUB_2025-06
13DFE100309/26HMGC18,SISTEMA DE AGUAS DE LA CIUDAD DE MEXICO,PÚBLICO URBANO,630720.0,0.63072,3754.285714285714,0.0037542857142857143,1996-06-28,19.299083333333336,-99.15619444444444,0901,ZONA METROPOLITANA DE LA CD. DE MEXICO,True,REPDA_ANEXOS_SUB_2025-06
13DFE100309/26HMGC18,SISTEMA DE AGUAS DE LA CIUDAD DE MEXICO,PÚBLICO URBANO,977616.0,0.977616,5819.142857142857,0.005819142857142857,1996-06-28,19.301666666666662,-99.16088888888888,0901,ZONA METROPOLITANA DE LA CD. DE MEXICO,True,REPDA_ANEXOS_SUB_2025-06
13DFE100309/26HMGC18,SISTEMA DE AGUAS DE LA CIUDAD DE MEXICO,PÚBLICO URBANO,599184.0,0.599184,3566.5714285714284,0.0035665714285714285,1996-06-28,19.286250000000003,-99.15694444444443,0901,ZONA METROPOLITANA DE LA CD. DE MEXICO,True,REPDA_ANEXOS_SUB_2025-06
13DFE100309/26HMGC18,SISTEMA DE AGUAS DE LA CIUDAD DE MEXICO,PÚBLICO URBANO,189216.0,0.189216,1126.2857142857142,0.0011262857142857142,1996-06-28,19.3035,-99.182,0901,ZONA METROPOLITANA DE LA CD. DE MEXICO,True,REPDA_ANEXOS_SUB_2025-06
13DFE100309/26HMGC18,SISTEMA DE AGUAS DE LA CIUDAD DE MEXICO,PÚBLICO URBANO,473040.0,0.47304,2815.714285714286,0.002815714285714286,1996-06-28,19.299166666666668,-99.22694444444444,0901,ZONA METROPOLITANA DE LA CD. DE MEXICO,True,REPDA_ANEXOS_SUB_2025-06
13DFE100309/26HMGC18,SISTEMA DE AGUAS DE LA CIUDAD DE MEXICO,PÚBLICO URBANO,630720.0,0.63072,3754.285714285714,0.0037542857142857143,1996-06-28,19.272222222222226,-99.15280555555556,0901,ZONA METROPOLITANA DE LA CD. DE MEXICO,True,REPDA_ANEXOS_SUB_2025-06
13DFE100309/26HMGC18,SISTEMA DE AGUAS DE LA CIUDAD DE MEXICO,PÚBLICO URBANO,1040688.0,1.040688,6194.571428571428,0.006194571428571429,1996-06-28,19.26897222222222,-99.16008333333332,0901,ZONA METROPOLITANA DE LA CD. DE MEXICO,True,REPDA_ANEXOS_SUB_2025-06
13DFE100309/26HMGC18,SISTEMA DE AGUAS DE LA CIUDAD DE MEXICO,PÚBLICO URBANO,725328.0,0.725328,4317.428571428572,0.004317428571428572,1996-06-28,19.26763888888889,-99.15669444444444,0901,ZONA METROPOLITANA DE LA CD. DE MEXICO,True,REPDA_ANEXOS_SUB_2025-06
13DFE100309/26HMGC18,SISTEMA DE AGUAS DE LA CIUDAD DE MEXICO,PÚBLICO URBANO,1009152.0,1.009152,6006.857142857143,0.006006857142857143,1996-06-28,19.271,-99.154,0901,ZONA METROPOLITANA DE LA CD. DE MEXICO,True,REPDA_ANEXOS_SUB_2025-06
13DFE100309/26HMGC18,SISTEMA DE AGUAS DE LA CIUDAD DE MEXICO,PÚBLICO URBANO,599184.0,0.599184,3566.5714285714284,0.0035665714285714285,1996-06-28,19.27383333333333,-99.1505,0901,ZONA METROPOLITANA DE LA CD. DE MEXICO,True,REPDA_ANEXOS_SUB_2025-06
13DFE100309/26HMGC18,SISTEMA DE AGUAS DE LA CIUDAD DE MEXICO,PÚBLICO URBANO,89703.36,0.08970336,533.9485714285714,0.0005339485714285715,1996-06-28,19.29563888888889,-99.18661111111112,0901,ZONA METROPOLITANA DE LA CD. DE MEXICO,True,REPDA_ANEXOS_SUB_2025-06
13DFE100309/26HMGC18,SISTEMA DE AGUAS DE LA CIUDAD DE MEXICO,PÚBLICO URBANO,89703.36,0.08970336,533.9485714285714,0.0005339485714285715,1996-06-28,19.331972222222223,-99.21411111111112,0901,ZONA METROPOLITANA DE LA CD. DE MEXICO,True,REPDA_ANEXOS_SUB_2025-06
13DFE100309/26HMGC18,SISTEMA DE AGUAS DE LA CIUDAD DE MEXICO,PÚBLICO URBANO,89703.36,0.08970336,533.9485714285714,0.0005339485714285715,1996-06-28,19.40502777777777,-99.22708333333334,0901,ZONA METROPOLITANA DE LA CD. DE MEXICO,True,REPDA_ANEXOS_SUB_2025-06
13DFE100309/26HMGC18,SISTEMA DE AGUAS DE LA CIUDAD DE MEXICO,PÚBLICO URBANO,89703.36,0.08970336,533.9485714285714,0.0005339485714285715,1996-06-28,19.27847222222222,-99.15808333333334,0901,ZONA METROPOLITANA DE LA CD. DE MEXICO,True,REPDA_ANEXOS_SUB_2025-06
13DFE100309/26HMGC18,SISTEMA DE AGUAS DE LA CIUDAD DE MEXICO,PÚBLICO URBANO,89703.36,0.08970336,533.9485714285714,0.0005339485714285715,1996-06-28,19.283972222222225,-99.1511388888889,0901,ZONA METROPOLITANA DE LA CD. DE MEXICO,True,REPDA_ANEXOS_SUB_2025-06
13DFE100309/26HMGC18,SISTEMA DE AGUAS DE LA CIUDAD DE MEXICO,PÚBLICO URBANO,89703.36,0.08970336,533.9485714285714,0.0005339485714285715,1996-06-28,19.28427777777778,-99.15636111111112,0901,ZONA METROPOLITANA DE LA CD. DE MEXICO,True,REPDA_ANEXOS_SUB_2025-06
13DFE100309/26HMGC18,SISTEMA DE AGUAS DE LA CIUDAD DE MEXICO,PÚBLICO URBANO,89703.36,0.08970336,533.9485714285714,0.0005339485714285715,1996-06-28,19.28033333333333,-99.15558333333334,0901,ZONA METROPOLITANA DE LA CD. DE MEXICO,True,REPDA_ANEXOS_SUB_2025-06
13DFE100309/26HMGC18,SISTEMA DE AGUAS DE LA CIUDAD DE MEXICO,PÚBLICO URBANO,89703.36,0.08970336,533.9485714285714,0.0005339485714285715,1996-06-28,19.33388888888889,-99.21761111111113,0901,ZONA METROPOLITANA DE LA CD. DE MEXICO,True,REPDA_ANEXOS_SUB_2025-06
13DFE100309/26HMGC18,SISTEMA DE AGUAS DE LA CIUDAD DE MEXICO,PÚBLICO URBANO,89703.36,0.08970336,533.9485714285714,0.0005339485714285715,1996-06-28,19.302777777777777,-99.17208333333332,0901,ZONA METROPOLITANA DE LA CD. DE MEXICO,True,REPDA_ANEXOS_SUB_2025-06
13DFE100309/26HMGC18,SISTEMA DE AGUAS DE LA CIUDAD DE MEXICO,PÚBLICO URBANO,89703.36,0.08970336,533.9485714285714,0.0005339485714285715,1996-06-28,19.33194444444445,-99.20727777777778,0901,ZONA METROPOLITANA DE LA CD. DE MEXICO,True,REPDA_ANEXOS_SUB_2025-06
13DFE100309/26HMGC18,SISTEMA DE AGUAS DE LA CIUDAD DE MEXICO,PÚBLICO URBANO,89703.36,0.08970336,533.9485714285714,0.0005339485714285715,1996-06-28,19.331166666666668,-99.21686111111111,0901,ZONA METROPOLITANA DE LA CD. DE MEXICO,True,REPDA_ANEXOS_SUB_2025-06
13DFE100309/26HMGC18,SISTEMA DE AGUAS DE LA CIUDAD DE MEXICO,PÚBLICO URBANO,89703.36,0.08970336,533.9485714285714,0.0005339485714285715,1996-06-28,19.388777777777776,-99.20572222222222,0901,ZONA METROPOLITANA DE LA CD. DE MEXICO,True,REPDA_ANEXOS_SUB_2025-06
13DFE100309/26HMGC18,SISTEMA DE AGUAS DE LA CIUDAD DE MEXICO,PÚBLICO URBANO,89703.36,0.08970336,533.9485714285714,0.0005339485714285715,1996-06-28,19.36863888888889,-99.21394444444444,0901,ZONA METROPOLITANA DE LA CD. DE MEXICO,True,REPDA_ANEXOS_SUB_2025-06
13DFE100309/26HMGC18,SISTEMA DE AGUAS DE LA CIUDAD DE MEXICO,PÚBLICO URBANO,89703.36,0.08970336,533.9485714285714,0.0005339485714285715,1996-06-28,19.44708333333333,-99.21911111111112,0901,ZONA METROPOLITANA DE LA CD. DE MEXICO,True,REPDA_ANEXOS_SUB_2025-06
13DFE100309/26HMGC18,SISTEMA DE AGUAS DE LA CIUDAD DE MEXICO,PÚBLICO URBANO,89703.36,0.08970336,533.9485714285714,0.0005339485714285715,1996-06-28,19.446944444444444,-99.17777777777778,0901,ZONA METROPOLITANA DE LA CD. DE MEXICO,True,REPDA_ANEXOS_SUB_2025-06
13DFE100309/26HMGC18,SISTEMA DE AGUAS DE LA CIUDAD DE MEXICO,PÚBLICO URBANO,89703.36,0.08970336,533.9485714285714,0.0005339485714285715,1996-06-28,19.394944444444445,-99.21325,0901,ZONA METROPOLITANA DE LA CD. DE MEXICO,True,REPDA_ANEXOS_SUB_2025-06
13DFE100309/26HMGC18,SISTEMA DE AGUAS DE LA CIUDAD DE MEXICO,PÚBLICO URBANO,89703.36,0.08970336,533.9485714285714,0.0005339485714285715,1996-06-28,19.341083333333334,-99.20166666666668,0901,ZONA METROPOLITANA DE LA CD. DE MEXICO,True,REPDA_ANEXOS_SUB_2025-06
13DFE100309/26HMGC18,SISTEMA DE AGUAS DE LA CIUDAD DE MEXICO,PÚBLICO URBANO,89703.36,0.08970336,533.9485714285714,0.0005339485714285715,1996-06-28,19.34047222222222,-99.20997222222222,0901,ZONA METROPOLITANA DE LA CD. DE MEXICO,True,REPDA_ANEXOS_SUB_2025-06
13DFE100309/26HMGC18,SISTEMA DE AGUAS DE LA CIUDAD DE MEXICO,PÚBLICO URBANO,89703.36,0.08970336,533.9485714285714,0.0005339485714285715,1996-06-28,19.390666666666664,-99.20111111111112,0901,ZONA METROPOLITANA DE LA CD. DE MEXICO,True,REPDA_ANEXOS_SUB_2025-06
13DFE100309/26HMGC18,SISTEMA DE AGUAS DE LA CIUDAD DE MEXICO,PÚBLICO URBANO,89703.36,0.08970336,533.9485714285714,0.0005339485714285715,1996-06-28,19.420944444444444,-99.155,0901,ZONA METROPOLITANA DE LA CD. DE MEXICO,True,REPDA_ANEXOS_SUB_2025-06
13DFE100309/26HMGC18,SISTEMA DE AGUAS DE LA CIUDAD DE MEXICO,PÚBLICO URBANO,89703.36,0.08970336,533.9485714285714,0.0005339485714285715,1996-06-28,19.37855555555556,-99.16280555555556,0901,ZONA METROPOLITANA DE LA CD. DE MEXICO,True,REPDA_ANEXOS_SUB_2025-06
13DFE100309/26HMGC18,SISTEMA DE AGUAS DE LA CIUDAD DE MEXICO,PÚBLICO URBANO,89703.36,0.08970336,533.9485714285714,0.0005339485714285715,1996-06-28,19.348388888888888,-99.18219444444443,0901,ZONA METROPOLITANA DE LA CD. DE MEXICO,True,REPDA_ANEXOS_SUB_2025-06
13DFE100309/26HMGC18,SISTEMA DE AGUAS DE LA CIUDAD DE MEXICO,PÚBLICO URBANO,89703.36,0.08970336,533.9485714285714,0.0005339485714285715,1996-06-28,19.36130555555556,-99.21141666666666,0901,ZONA METROPOLITANA DE LA CD. DE MEXICO,True,REPDA_ANEXOS_SUB_2025-06
13DFE100309/26HMGC18,SISTEMA DE AGUAS DE LA CIUDAD DE MEXICO,PÚBLICO URBANO,89703.36,0.08970336,533.9485714285714,0.0005339485714285715,1996-06-28,19.407027777777778,-99.18166666666669,0901,ZONA METROPOLITANA DE LA CD. DE MEXICO,True,REPDA_ANEXOS_SUB_2025-06
13DFE100309/26HMGC18,SISTEMA DE AGUAS DE LA CIUDAD DE MEXICO,PÚBLICO URBANO,89703.36,0.08970336,533.9485714285714,0.0005339485714285715,1996-06-28,19.428361111111112,-99.20072222222224,0901,ZONA METROPOLITANA DE LA CD. DE MEXICO,True,REPDA_ANEXOS_SUB_2025-06
13DFE100309/26HMGC18,SISTEMA DE AGUAS DE LA CIUDAD DE MEXICO,PÚBLICO URBANO,89703.36,0.08970336,533.9485714285714,0.0005339485714285715,1996-06-28,19.406444444444443,-99.18991666666668,0901,ZONA METROPOLITANA DE LA CD. DE MEXICO,True,REPDA_ANEXOS_SUB_2025-06
13DFE100309/26HMGC18,SISTEMA DE AGUAS DE LA CIUDAD DE MEXICO,PÚBLICO URBANO,89703.36,0.08970336,533.9485714285714,0.0005339485714285715,1996-06-28,19.367194444444443,-99.20525,0901,ZONA METROPOLITANA DE LA CD. DE MEXICO,True,REPDA_ANEXOS_SUB_2025-06
13DFE100309/26HMGC18,SISTEMA DE AGUAS DE LA CIUDAD DE MEXICO,PÚBLICO URBANO,89703.36,0.08970336,533.9485714285714,0.0005339485714285715,1996-06-28,19.33386111111111,-99.1990277777778,0901,ZONA METROPOLITANA DE LA CD. DE MEXICO,True,REPDA_ANEXOS_SUB_2025-06
13DFE100309/26HMGC18,SISTEMA DE AGUAS DE LA CIUDAD DE MEXICO,PÚBLICO URBANO,89703.36,0.08970336,533.9485714285714,0.0005339485714285715,1996-06-28,19.31972222222222,-99.19680555555556,0901,ZONA METROPOLITANA DE LA CD. DE MEXICO,True,REPDA_ANEXOS_SUB_2025-06
13DFE100309/26HMGC18,SISTEMA DE AGUAS DE LA CIUDAD DE MEXICO,PÚBLICO URBANO,89703.36,0.08970336,533.9485714285714,0.0005339485714285715,1996-06-28,19.311777777777777,-99.21752777777778,0901,ZONA METROPOLITANA DE LA CD. DE MEXICO,True,REPDA_ANEXOS_SUB_2025-06
13DFE100309/26HMGC18,SISTEMA DE AGUAS DE LA CIUDAD DE MEXICO,PÚBLICO URBANO,89703.36,0.08970336,533.9485714285714,0.0005339485714285715,1996-06-28,19.44986111111111,-99.20402777777778,0901,ZONA METROPOLITANA DE LA CD. DE MEXICO,True,REPDA_ANEXOS_SUB_2025-06
13DFE100309/26HMGC18,SISTEMA DE AGUAS DE LA CIUDAD DE MEXICO,PÚBLICO URBANO,89703.36,0.08970336,533.9485714285714,0.0005339485714285715,1996-06-28,19.428472222222226,-99.2196388888889,0901,ZONA METROPOLITANA DE LA CD. DE MEXICO,True,REPDA_ANEXOS_SUB_2025-06
13DFE100309/26HMGC18,SISTEMA DE AGUAS DE LA CIUDAD DE MEXICO,PÚBLICO URBANO,89703.36,0.08970336,533.9485714285714,0.0005339485714285715,1996-06-28,19.36508333333333,-99.19908333333332,0901,ZONA METROPOLITANA DE LA CD. DE MEXICO,True,REPDA_ANEXOS_SUB_2025-06
13DFE100309/26HMGC18,SISTEMA DE AGUAS DE LA CIUDAD DE MEXICO,PÚBLICO URBANO,89703.36,0.08970336,533.9485714285714,0.0005339485714285715,1996-06-28,19.293444444444447,-99.15844444444446,0901,ZONA METROPOLITANA DE LA CD. DE MEXICO,True,REPDA_ANEXOS_SUB_2025-06
13DFE100309/26HMGC18,SISTEMA DE AGUAS DE LA CIUDAD DE MEXICO,PÚBLICO URBANO,89703.36,0.08970336,533.9485714285714,0.0005339485714285715,1996-06-28,19.326444444444444,-99.15222222222222,0901,ZONA METROPOLITANA DE LA CD. DE MEXICO,True,REPDA_ANEXOS_SUB_2025-06
13DFE100309/26HMGC18,SISTEMA DE AGUAS DE LA CIUDAD DE MEXICO,PÚBLICO URBANO,89703.36,0.08970336,533.9485714285714,0.0005339485714285715,1996-06-28,19.370194444444444,-99.17244444444444,0901,ZONA METROPOLITANA DE LA CD. DE MEXICO,True,REPDA_ANEXOS_SUB_2025-06
13DFE100309/26HMGC18,SISTEMA DE AGUAS DE LA CIUDAD DE MEXICO,PÚBLICO URBANO,89703.36,0.08970336,533.9485714285714,0.0005339485714285715,1996-06-28,19.375222222222224,-99.19983333333332,0901,ZONA METROPOLITANA DE LA CD. DE MEXICO,True,REPDA_ANEXOS_SUB_2025-06
13DFE100993/26FMDA15,"THE AMERICAN BRITISH COWDRAY MEDICAL CENTER, I. A. P.",INDUSTRIAL,115000.0,0.115,115000.0,0.115,2009-10-30,19.35527777777778,-99.28055555555557,0901,ZONA METROPOLITANA DE LA CD. DE MEXICO,True,REPDA_ANEXOS_SUB_2025-06
13HGO100582/26EMDL08,"INDUSTRIAS CANNON, S.A. DE C.V.",SERVICIOS,40000.0,0.04,40000.0,0.04,1997-08-27,19.26805555555556,-99.3386111111111,0901,ZONA METROPOLITANA DE LA CD. DE MEXICO,True,REPDA_ANEXOS_SUB_2025-06
08MEX105987/12HMGE00,H. AYUNTAMIENTO DE LERMA ( SALAZAR),PÚBLICO URBANO,45625.0,0.045625,45625.0,0.045625,2000-02-28,19.30611111111111,-99.38555555555556,1501,VALLE DE TOLUCA,True,REPDA_ANEXOS_SUB_2025-06
13MEX104269/26AMGR99,"AGUSTINA AJA GOMEZ, MARIA CRISTINA GUTIERREZ AJA, PEDRO GUTIERREZ AJA, LUIS GUTIERREZ AJA, AGUSTIN GUTIERREZ AJA, JESUS GUTIERREZ AJA Y JERONIMO GUTIERREZ AJA.",AGRÍCOLA,42048.0,0.042048,42048.0,0.042048,1999-04-26,19.302777777777777,-99.17361111111111,0901,ZONA METROPOLITANA DE LA CD. DE MEXICO,True,REPDA_ANEXOS_SUB_2025-06
5MEX102153/26FMGR96,"INMOBILIARIA PEGASO, S. A. DE C. V.",INDUSTRIAL,38361.0,0.038361,38361.0,0.038361,1996-05-16,19.40194444444444,-99.22361111111113,0901,ZONA METROPOLITANA DE LA CD. DE MEXICO,True,REPDA_ANEXOS_SUB_2025-06
04MEX104139/18HMGE98,COMISION ESTATAL DE AGUA Y SANEAMIENTO,PÚBLICO URBANO,1068479.0,1.068479,1068479.0,1.068479,1998-12-29,19.363861111111117,-99.36902777777776,0901,ZONA METROPOLITANA DE LA CD. DE MEXICO,True,REPDA_ANEXOS_SUB_2025-06
13MEX106297/26FMOC07,JUAN MIGUEL MARTINEZ PEREZ,INDUSTRIAL,99580.0,0.09958,99580.0,0.09958,2004-10-28,19.352222222222224,-99.38305555555554,0901,ZONA METROPOLITANA DE LA CD. DE MEXICO,True,REPDA_ANEXOS_SUB_2025-06
08MEX106021/12IMGR01,GOBIERNO DEL DISTRITO FEDERAL (DIRECCIÓN GENERAL DE CONSTRUCCIÓN Y OPERACIÓN HIDRÁULICA),DIFERENTES USOS,4563.0,0.004563,4563.0,0.004563,2001-02-08,19.288611111111116,-99.37638888888888,1501,VALLE DE TOLUCA,True,REPDA_ANEXOS_SUB_2025-06
08MEX104913/12EMGE99,"NESTLE MÉXICO, S.A. DE C.V.",SERVICIOS,43285.0,0.043285,43285.0,0.043285,1999-09-20,19.29805555555556,-99.40361111111112,1501,VALLE DE TOLUCA,True,REPDA_ANEXOS_SUB_2025-06
08MEX103013/12HMDL12,"ORGANISMO PÚBLICO DESCENTRALIZADO PARA LA PRESTACIÓN DE LOS SERVICIOS DE AGUA POTABLE, ALCANTARILLADO Y SANEAMIENTO DEL MUNICIPIO DE METEPEC",PÚBLICO URBANO,483716.0,0.483716,483716.0,0.483716,1997-09-18,19.292222222222225,-99.26,0901,ZONA METROPOLITANA DE LA CD. DE MEXICO,True,REPDA_ANEXOS_SUB_2025-06
08MEX109239/12IMDL14,DANIEL RIHAN SALUM,DIFERENTES USOS,20000.0,0.02,20000.0,0.02,2014-11-26,19.325277777777774,-99.40944444444445,1501,VALLE DE TOLUCA,True,REPDA_ANEXOS_SUB_2025-06
13MEX103352/26EMGR97,"BERMUDEZ MASCAREÑAS, S. C.",SERVICIOS,30000.0,0.03,30000.0,0.03,1998-01-20,19.42638888888889,-99.23805555555556,0901,ZONA METROPOLITANA DE LA CD. DE MEXICO,True,REPDA_ANEXOS_SUB_2025-06
10VER128230/27HMGR99,"H. AYUNTAMIENTO CONSTITUCIONAL DE PEROTE, VER.",PÚBLICO URBANO,41471.0,0.041471,41471.0,0.041471,1999-12-15,19.379722222222224,-99.35527777777776,0901,ZONA METROPOLITANA DE LA CD. DE MEXICO,True,REPDA_ANEXOS_SUB_2025-06
08MEX150105/12AMDL12,ASOCIACION DE PROTECCION AL VALLE CAPACHO A.C.,AGRÍCOLA,35000.0,0.035,35000.0,0.035,2012-07-10,19.322222222222223,-99.3912777777778,1501,VALLE DE TOLUCA,True,REPDA_ANEXOS_SUB_2025-06
08MEX154979/12AMDL18,"ASOCIACION DE PROTECCION AL VALLE CAPACHO, A.C.",AGRÍCOLA,30000.0,0.03,30000.0,0.03,2018-05-15,19.322222222222223,-99.3912777777778,1501,VALLE DE TOLUCA,True,REPDA_ANEXOS_SUB_2025-06
08MEX156064/12FMDL17,"LARMEN, S.A. DE C.V.",INDUSTRIAL,115500.0,0.1155,115500.0,0.1155,2018-06-15,19.31,-99.445,1501,VALLE DE TOLUCA,True,REPDA_ANEXOS_SUB_2025-06
13DFE155954/26FMGC17,ALQUILADORA DE CASAS S.A. DE C.V.,INDUSTRIAL,245000.0,0.245,122500.0,0.1225,2017-11-20,19.44,-99.17916666666667,0901,ZONA METROPOLITANA DE LA CD. DE MEXICO,True,REPDA_ANEXOS_SUB_2025-06
13DFE155954/26FMGC17,ALQUILADORA DE CASAS S.A. DE C.V.,INDUSTRIAL,245000.0,0.245,122500.0,0.1225,2017-11-20,19.439166666666665,-99.17916666666667,0901,ZONA METROPOLITANA DE LA CD. DE MEXICO,True,REPDA_ANEXOS_SUB_2025-06
13MEX159538/26EMDA17,"CONSORCIO INMOBILIARIO LOMAS, S.A. DE C.V.",SERVICIOS,500000.0,0.5,500000.0,0.5,2017-08-10,19.413888888888888,-99.295,0901,ZONA METROPOLITANA DE LA CD. DE MEXICO,True,REPDA_ANEXOS_SUB_2025-06
13MEX159539/26EMDA17,RANCHO PONIENTE INMOBILIARIA S.A. DE C.V.,SERVICIOS,100000.0,0.1,100000.0,0.1,2017-08-10,19.3925,-99.2975,0901,ZONA METROPOLITANA DE LA CD. DE MEXICO,True,REPDA_ANEXOS_SUB_2025-06
13MEX159549/26EMDA17,"BANCO AZTECA, S.A. INSTITUCION DE BANCA MULTIPLE, FIDEICOMISO F/1127",SERVICIOS,1100000.0,1.1,550000.0,0.55,2017-08-10,19.430833333333336,-99.29805555555556,0901,ZONA METROPOLITANA DE LA CD. DE MEXICO,True,REPDA_ANEXOS_SUB_2025-06
13MEX159549/26EMDA17,"BANCO AZTECA, S.A. INSTITUCION DE BANCA MULTIPLE, FIDEICOMISO F/1127",SERVICIOS,1100000.0,1.1,550000.0,0.55,2017-08-10,19.415555555555557,-99.30611111111112,0901,ZONA METROPOLITANA DE LA CD. DE MEXICO,True,REPDA_ANEXOS_SUB_2025-06
13MEX160075/26EMDA18,"CIBANCO, S.A.,I.B.M., FIDUCIARIO EN EL FIDEICOMISO CIB/2032",SERVICIOS,488000.0,0.488,244000.0,0.244,2018-11-28,19.43277777777778,-99.15333333333334,0901,ZONA METROPOLITANA DE LA CD. DE MEXICO,True,REPDA_ANEXOS_SUB_2025-06
13MEX160075/26EMDA18,"CIBANCO, S.A.,I.B.M., FIDUCIARIO EN EL FIDEICOMISO CIB/2032",SERVICIOS,232000.0,0.232,116000.0,0.116,2018-11-28,19.43166666666667,-99.15166666666669,0901,ZONA METROPOLITANA DE LA CD. DE MEXICO,True,REPDA_ANEXOS_SUB_2025-06
13MEX160076/26EMDA18,"INMOBILIARIA GOCOS, S.A. DE C.V.",SERVICIOS,160000.0,0.16,160000.0,0.16,2018-11-28,19.330277777777777,-99.21027777777778,0901,ZONA METROPOLITANA DE LA CD. DE MEXICO,True,REPDA_ANEXOS_SUB_2025-06
13MEX160077/26EMDA18,"DESARROLLOS INMOBILIARIOS LERMA, S.A. DE C.V.",SERVICIOS,100000.0,0.1,100000.0,0.1,2018-11-28,19.396944444444443,-99.29194444444444,0901,ZONA METROPOLITANA DE LA CD. DE MEXICO,True,REPDA_ANEXOS_SUB_2025-06
13MEX160079/26EMDA18,"CONSTRUCTORA BAIT, S.A.P.I. DE C.V.",SERVICIOS,270000.0,0.27,270000.0,0.27,2018-11-28,19.438333333333333,-99.24916666666668,0901,ZONA METROPOLITANA DE LA CD. DE MEXICO,True,REPDA_ANEXOS_SUB_2025-06
13MEX160082/26EMDA18,"INMOBILIARIA JERONIMO, S.A. DE C.V.",SERVICIOS,40000.0,0.04,40000.0,0.04,2018-11-28,19.328055555555554,-99.21444444444444,0901,ZONA METROPOLITANA DE LA CD. DE MEXICO,True,REPDA_ANEXOS_SUB_2025-06
13MEX155867/26EMDA16,"CONSORCIO INMOBILIARIO LOMAS, S.A.P.I. DE C.V.",SERVICIOS,912000.0,0.912,912000.0,0.912,2016-06-08,19.413888888888888,-99.295,0901,ZONA METROPOLITANA DE LA CD. DE MEXICO,True,REPDA_ANEXOS_SUB_2025-06
13DFE100114/26EMDA16,"SOCIEDAD DE BENEFICENCIA ESPAÑOLA, I.A.P.",SERVICIOS,32840.0,0.03284,32840.0,0.03284,1995-06-01,19.43861111111111,-99.19638888888888,0901,ZONA METROPOLITANA DE LA CD. DE MEXICO,True,REPDA_ANEXOS_SUB_2025-06
13DFE100136/26EMDA16,"INMUEBLES GENERAL, S.A. DE C.V.",SERVICIOS,223665.0,0.223665,223665.0,0.223665,1995-06-28,19.442222222222224,-99.20472222222224,0901,ZONA METROPOLITANA DE LA CD. DE MEXICO,True,REPDA_ANEXOS_SUB_2025-06
13DFE101111/26FMDA17,"EMBOTELLADORA AGA DE MEXICO, S.A. DE C.V.",INDUSTRIAL,20514.0,0.020514,20514.0,0.020514,2009-05-14,19.366111111111117,-99.17277777777778,0901,ZONA METROPOLITANA DE LA CD. DE MEXICO,True,REPDA_ANEXOS_SUB_2025-06
08MEX109238/12IMDL18,FEDERICO CARLOS FERNANDEZ SENDEROS,DIFERENTES USOS,30000.0,0.03,30000.0,0.03,2014-11-26,19.32583333333333,-99.40972222222224,1501,VALLE DE TOLUCA,True,REPDA_ANEXOS_SUB_2025-06
