titulo,titular,uso,volumen_m3_anio,volumen_hm3_anio,fecha_titulo,colonia,alcaldia,en_poniente
04TLX150147/18HMDL18,"MUNICIPIO DE HUAMANTLA, TLAX.",PÚBLICO URBANO,66698.0,0.066698,2018-10-15,Barrio La Guadalupe,Tlahuac,False
08MEX103013/12HMDL12,"ORGANISMO PÚBLICO DESCENTRALIZADO PARA LA PRESTACIÓN DE LOS SERVICIOS DE AGUA POTABLE, ALCANTARILLADO Y SANEAMIENTO DEL MUNICIPIO DE METEPEC",PÚBLICO URBANO,483716.0,0.483716,1997-09-18,Pueblo San Nicolas Totolapan,La Magdalena Contreras,True
08MEX106021/12IMGR01,GOBIERNO DEL DISTRITO FEDERAL (DIRECCIÓN GENERAL DE CONSTRUCCIÓN Y OPERACIÓN HIDRÁULICA),DIFERENTES USOS,500976.0,0.500976,2001-02-08,Campestre Aragon,Gustavo A. Madero,False
08MEX109124/12HMDL14,AGUA Y SANEAMIENTO DE TOLUCA,PÚBLICO URBANO,96512.0,0.096512,2013-05-13,Campestre Churubusco,Coyoacan,False
13DFE100002/26IMDA16,"PAPELERA IRUÑA, S.A. DE C.V.",DIFERENTES USOS,150000.0,0.15,1994-05-04,La Esperanza,Iztapalapa,False
13DFE100005/26IMDA16,"LA IGLESIA DE JESUCRISTO DE LOS SANTOS DE LOS ULTIMOS DIAS EN MEXICO, A.R.",DIFERENTES USOS,21024.0,0.021024,1994-11-29,Zona Escolar Oriente,Gustavo A. Madero,False
13DFE100027/26FMGR07,"LEVADURA AZTECA, S.A. DE C.V.",INDUSTRIAL,10000.0,0.01,1994-11-11,Unidad Hab Nonoalco Tlatelolco,Cuauhtemoc,False
13DFE100036/26FMDA17,"BAÑOS MEDICINALES DEL PEÑON, S.A.",INDUSTRIAL,5150.0,0.00515,1995-08-08,PeãOn De Los BaãOs,Venustiano Carranza,False
13DFE100042/26EMDA09,"CLUB CAMPESTRE DE LA CIUDAD DE MEXICO, S. A. DE C. V.",SERVICIOS,22900.0,0.0229,1995-05-31,Country Club,Coyoacan,False
13DFE100061/26FMDA17,"BAÑOS MANOLITA, S.A.",INDUSTRIAL,4069.0,0.004069,1995-07-21,Sector Popular,Iztapalapa,False
13DFE100062/26FMGR03,"PROPIMEX, S.A. DE C.V.",INDUSTRIAL,417255.0,0.417255,1994-11-11,Atlampa,Cuauhtemoc,False
13DFE100063/26FMGR05,"TIENDAS AURRERÁ, S. DE R.L. DE C.V.",INDUSTRIAL,15012.0,0.015012,1995-07-27,Obrera,Cuauhtemoc,False
13DFE100067/26FMGR05,"CERVECERÍA MODELO, S.A. DE C.V.",INDUSTRIAL,95562.0,0.095562,1995-04-18,Doctores,Cuauhtemoc,False
13DFE100073/26FMGR06,"COMPAÑÍA INDUSTRIAL DE XALOSTOC, S.A. DE C.V.",INDUSTRIAL,200000.0,0.2,1995-03-05,1Ra Secc Del Bosque De Chapultepec,Miguel Hidalgo,True
13DFE100076/26FMOC09,"BAÑOS BOLIVAR DE MEXICO, S. A. DE C. V.",INDUSTRIAL,5055.5,0.0050555,1995-07-11,Centro,Cuauhtemoc,False
13DFE100083/26FMDA15,"ARVATO DE MEXICO, S.A. DE C.V.",INDUSTRIAL,9944.0,0.009944,1995-07-21,San Salvador Xochimanca,Azcapotzalco,False
13DFE100084/26FMDA11,"ACEITES Y JABONES, S.A. DE C.V.",INDUSTRIAL,12399.0,0.012399,1995-03-09,Santa Coleta,Gustavo A. Madero,False
13DFE100094/26FMGR03,"PROPIMEX, S. A. DE C. V.",INDUSTRIAL,236880.0,0.23688,1994-12-22,Santa Ursula Coapa,Coyoacan,False
13DFE100095/26FMGR03,"PROPIMEX, S.A. DE C.V.",INDUSTRIAL,110000.0,0.11,1994-12-22,Gral Pedro Maria Anaya,Benito Juarez,False
13DFE100100/26FMGR03,"TENERIA MERCURIO, S.A. DE C.V.",INDUSTRIAL,50000.0,0.05,1995-04-07,Granjas Mexico,Iztacalco,False
13DFE100101/26FMDA09,"CERVECERIA MODELO, S.A. DE C.V.",INDUSTRIAL,2194560.0,2.19456,1996-05-17,Granada,Miguel Hidalgo,True
13DFE100114/26EMDA16,"SOCIEDAD DE BENEFICENCIA ESPAÑOLA, I.A.P.",SERVICIOS,32840.0,0.03284,1995-06-01,Granada,Miguel Hidalgo,True
13DFE100115/26EMDA16,"SOCIEDAD DE BENEFICENCIA ESPAÑOLA, I.A.P.",SERVICIOS,15445.0,0.015445,1995-06-01,Refineria 18 De Marzo,Miguel Hidalgo,True
13DFE100118/26EMDA08,"CENTRO ASTURIANO DE MÉXICO, A.C.",SERVICIOS,236520.0,0.23652,1995-12-06,Cove,Alvaro Obregon,True
13DFE100120/26FMDA17,"COPAMEX CORRUGADOS, S. A. DE C. V.",INDUSTRIAL,5900.0,0.0059,1995-07-13,Industrial Vallejo,Azcapotzalco,False
13DFE100124/26FMDA08,"PRAXAIR MÉXICO, S. DE R.L. DE C.V.",INDUSTRIAL,311040.0,0.31104,1995-09-07,San Salvador Xochimanca,Azcapotzalco,False
13DFE100125/26FMDA09,"EXTRACTOS Y MALTAS, S. A. DE C. V.",INDUSTRIAL,103116.0,0.103116,1995-07-28,Industrial Vallejo,Azcapotzalco,False
13DFE100126/26FMGR06,"FERMIC, S.A. DE C.V.",INDUSTRIAL,315360.0,0.31536,1995-08-27,Granjas Estrella,Iztapalapa,False
13DFE100130/26FMGR06,"GENERAL DE INMUEBLES INDUSTRIALES, S.A. DE C.V.",INDUSTRIAL,38669.0,0.038669,1996-08-14,Santa Cruz Acayucan,Azcapotzalco,False
13DFE100134/26FMDA11,COLGATE PALMOLIVE S.A. DE C.V.,INDUSTRIAL,274626.0,0.274626,1995-11-06,Panteon Frances,Miguel Hidalgo,True
13DFE100136/26EMDA16,"INMUEBLES GENERAL, S.A. DE C.V.",SERVICIOS,223665.0,0.223665,1995-06-28,Ampl Granada,Miguel Hidalgo,True
13DFE100138/26FMDA16,"HIELO IDEAL, S.A.",INDUSTRIAL,130000.0,0.13,1995-09-07,Santa Anita,Iztacalco,False
13DFE100139/26FMDA16,"HIELO IDEAL, S.A.",INDUSTRIAL,106063.0,0.106063,1995-09-07,San Diego Churubusco,Coyoacan,False
13DFE100142/26FMGR06,"HARINERA NACIONAL, S.A. DE C.V.",INDUSTRIAL,517.0,0.000517,1995-09-07,Ex Hipodromo De Peralvillo,Cuauhtemoc,False
13DFE100143/26FMDA09,"ABBOTT LABORATORIES DE MÉXICO, S. A. DE C. V.",INDUSTRIAL,151180.0,0.15118,1996-05-16,Ejido Santa Ursula Coapa,Coyoacan,False
13DFE100144/26FMDA09,"CERILLOS Y FOSFOROS LA IMPERIAL, S.A. DE C.V.",INDUSTRIAL,10000.0,0.01,1996-07-04,Atlampa,Cuauhtemoc,False
13DFE100153/26FMGR06,"VIDRIERA MÉXICO, S.A. DE C.V.",INDUSTRIAL,61000.0,0.061,1995-11-06,Ampl Granada,Miguel Hidalgo,True
13DFE100158/26FMDA08,"HOTEL GENEVE, S.A. DE C.V.",INDUSTRIAL,12423.0,0.012423,1996-09-19,Juarez,Cuauhtemoc,False
13DFE100167/26FMGR07,"DEACERO, S.A. DE C.V.",INDUSTRIAL,6523.0,0.006523,1996-11-27,Guadalupe Tepeyac,Gustavo A. Madero,False
13DFE100169/26FMGR06,"ROVILAN, S.A. DE C.V.",INDUSTRIAL,320207.0,0.320207,1996-05-06,Villa Xochimilco,Xochimilco,False
13DFE100170/26EMDA15,"CONDOMINOS PLAZA TEPEYAC, A.C.",SERVICIOS,64581.0,0.064581,1996-09-19,Guadalupe Tepeyac,Gustavo A. Madero,False
13DFE100171/26FMDA12,"PROCTER & GAMBLE, MANUFACTURA S. DE R.L. DE C.V.",INDUSTRIAL,30000.0,0.03,1995-11-15,Santa Coleta,Gustavo A. Madero,False
13DFE100176/26FMGR06,TEODORO AMERLINCK Y ZIRION,INDUSTRIAL,1002.0,0.001002,1996-08-07,Tlacopac,Alvaro Obregon,True
13DFE100177/26FMDA08,"CROWN ENVASES MÉXICO, S.A. DE C.V.",INDUSTRIAL,183.0,0.000183,1996-09-05,Tablas De San Agustin,Gustavo A. Madero,False
13DFE100182/26FMDA16,"MALTA-TEXO DE MEXICO, S. A. DE C.V.",INDUSTRIAL,70480.0,0.07048,1995-12-12,Industrial Vallejo,Azcapotzalco,False
13DFE100188/26FMDA12,"DERIVADOS DE FRUTAS, S.A. DE C.V.",INDUSTRIAL,215120.0,0.21512,1995-11-28,Viejo Ejido Santa Ursula Coapa,Coyoacan,False
13DFE100200/26FMDA08,"PINTURAS OPTIMUS, S.A. DE C.V.",INDUSTRIAL,14800.0,0.0148,1995-12-28,Santa Maria Insurgentes,Cuauhtemoc,False
13DFE100309/26HMGC18,SISTEMA DE AGUAS DE LA CIUDAD DE MEXICO,PÚBLICO URBANO,89703.36,0.08970336,1996-06-28,San Francisco Tecoxpa,Milpa Alta,False
13DFE100508/26FMGR06,"HERDEZ, S.A. DE C.V.",INDUSTRIAL,42052.0,0.042052,1996-05-06,Nueva Argentina,Miguel Hidalgo,True
13DFE100509/26APGR06,MARÍA DELFINA RAMÍREZ CRUZ,AGRÍCOLA,75.0,7.5e-05,1996-05-17,Desierto De Los Leones,Cuajimalpa De Morelos,True
13DFE100511/26FMDA16,"PRODUCTOS MARINELA, S. A. DE C.V.",INDUSTRIAL,25140.0,0.02514,1996-03-07,Unidad Hab San Pablo Xalpa,Azcapotzalco,False
13DFE100547/26FMDA11,"PROCTER & GAMBLE MANUFACTURA, S. DE R.L. DE C.V.",INDUSTRIAL,33467.0,0.033467,1996-05-06,Santa Coleta,Gustavo A. Madero,False
13DFE100550/26EMDA10,SECRETARIA DE HACIENDA Y CREDITO PUBLICO,SERVICIOS,65167.0,0.065167,1997-07-15,Centro Urbano Benito Juarez,Cuauhtemoc,False
13DFE100551/26EMDA08,SECRETARIA DE HACIENDA Y CREDITO PUBLICO,SERVICIOS,2334.0,0.002334,1997-07-15,Gertrudis Sanchez 1Ra Secc,Gustavo A. Madero,False
13DFE100555/26EMGR06,"ESTUDIOS CHURUBUSCO AZTECA, S.A.",SERVICIOS,25000.0,0.025,1996-05-16,Churubusco Country Club,Coyoacan,False
13DFE100556/26FMDA11,"CIGARROS LA TABACALERA MEXICANA, S.DE R.L. DE C.V.",INDUSTRIAL,3700.0,0.0037,1996-05-16,San Pedro Xalpa,Azcapotzalco,False
13DFE100559/26FMGR06,SERVICIO DE TRANSPORTES ELECTRICOS DEL DISTRITO FEDERAL,INDUSTRIAL,91208.0,0.091208,1996-04-23,San Andres Tetepilco,Iztapalapa,False
13DFE100574/26FMGR06,"MOLINO HERCULES, S.A.",INDUSTRIAL,250.0,0.00025,1996-05-17,Nva Industrial Vallejo,Gustavo A. Madero,False
13DFE100591/26EMOC07,"INMUEBLES E INVERSIONES, S. A.",SERVICIOS,411.0,0.000411,1997-06-03,Altavista,Alvaro Obregon,True
13DFE100599/26EMGR06,"UNIVERSIDAD TECNOLOGICA DE MEXICO, S. C.",SERVICIOS,22487.0,0.022487,1996-06-20,Granjas Esmeralda,Iztapalapa,False
13DFE100609/26FMDA09,"BRIDGESTONE DE MEXICO, S. A. DE C. V.",INDUSTRIAL,17043.0,0.017043,1996-10-14,Granada,Miguel Hidalgo,True
13DFE100618/26FMDA08,"MARIA ELENA DOMINGUEZ BRIONES, MARIA TERESA DOMINGUEZ BRIONES, ANA MARIA DOMINGUEZ BRIONES Y ARMANDO ALEJANDRO DOMINGUEZ BRIONES",INDUSTRIAL,6800.0,0.0068,1996-07-22,Guerrero,Cuauhtemoc,False
13DFE100619/26FMDA10,"FAUSTO SUAREZ, S.A. DE C.V.",INDUSTRIAL,68.0,6.8e-05,1996-07-04,Nva Industrial Vallejo,Gustavo A. Madero,False
13DFE100624/26EMDA09,FRANCISCO GRANILLO ORDOÑEZ,SERVICIOS,240.0,0.00024,1996-09-19,Country Club,Coyoacan,False
13DFE100635/26FMGR06,"TIZAYUCA TEXTIL VUVA, S.A. DE C.V.",INDUSTRIAL,130291.0,0.130291,1996-10-02,Nueva Argentina,Miguel Hidalgo,True
13DFE100637/26EMDA08,"ASOCIACIÓN CRISTIANA DE JOVENES DE LA CIUDAD DE MÉXICO (YMCA), A.C.",SERVICIOS,23192.0,0.023192,1996-08-14,Anahuac,Miguel Hidalgo,True
13DFE100638/26EPDA14,"ASOCIACION FRANCO MEXICANA SUIZA Y BELGA DE BENEFICIENCIA, I. A. P./PANTEON FRANCES",SERVICIOS,411.5,0.0004115,1998-01-20,Doctores,Cuauhtemoc,False
13DFE100639/26EMOC07,"ASOCIACION FRANCO MEXICANA SUIZA Y BELGA DE BENEFICENCIA, I. A. P./NUEVO PANTEON FRANCES",SERVICIOS,4444.0,0.004444,1997-07-01,Panteon Frances,Miguel Hidalgo,True
13DFE100640/26FMDA11,"IAMSE, S.A.",INDUSTRIAL,10264.0,0.010264,1997-06-17,Lorenzo Boturini,Venustiano Carranza,False
13DFE100641/26FMDA08,"CERVECERIA MODELO, S.A. DE C.V.",INDUSTRIAL,64800.0,0.0648,1996-08-14,Moctezuma 2Da Secc,Venustiano Carranza,False
13DFE100693/26FMGR01,"LEVADURA AZTECA, S. A. DE C. V.",INDUSTRIAL,203800.0,0.2038,1997-06-14,Granada,Miguel Hidalgo,True
13DFE100702/26FMGR97,"INDUSTRIA EMBOTELLADORA DE MEXICO, S.A. DE C.V.",INDUSTRIAL,293760.0,0.29376,1997-09-03,Esperanza,Cuauhtemoc,False
13DFE100703/26FMGR97,"ELECTROPURA, S. DE R.L. DE C.V.",INDUSTRIAL,101800.0,0.1018,1997-09-10,San Francisco Tetecala,Azcapotzalco,False
13DFE100713/26FMGR97,"ADMINISTRADORA DE INMUEBLES HOTAN, S. A.",INDUSTRIAL,1100.0,0.0011,1998-01-20,Del Gas,Azcapotzalco,False
13DFE100717/26EMGR98,MARIA DE LA PAZ GARCIA POSADA,SERVICIOS,2800.0,0.0028,1998-08-25,Valle Gomez,Cuauhtemoc,False
13DFE100727/26EMGR00,I. M. S. S. CENTRO MEDICO NACIONAL LA RAZA(CENTRAL DE SERVICIOS),SERVICIOS,3500.0,0.0035,2000-08-02,La Raza,Azcapotzalco,False
13DFE100728,"MONDELEZ MEXICO, S. DE R.L. DE C.V.",INDUSTRIAL,22000.0,0.022,1998-11-04,Gertrudis Sanchez 1Ra Secc,Gustavo A. Madero,False
13DFE100730/26EMGR98,JUAN XOLALPA JIMENEZ,SERVICIOS,64260.0,0.06426,1998-12-23,2Do Tramo 20 De Noviembre,Venustiano Carranza,False
13DFE100760/26FMDA17,"COMERCIALIZADORA DE LACTEOS Y DERIVADOS, S.A. DE C.V.",INDUSTRIAL,551888.0,0.551888,2000-08-30,Estacion Pantaco,Azcapotzalco,False
13DFE100762/26EMDA09,"PANTEON JARDIN DE MEXICO, S.A.",SERVICIOS,1071.0,0.001071,1999-07-26,Parque Las Aguilas,Alvaro Obregon,True
13DFE100765/26FMGR03,"PROCTER & GAMBLE MANUFACTURA, S. DE R. L. DE C.V.",INDUSTRIAL,24450.0,0.02445,1999-08-02,Industrial Vallejo,Azcapotzalco,False
13DFE100767/26FMDA17,PEMEX REFINACION,INDUSTRIAL,12660.0,0.01266,1999-08-02,Refineria 18 De Marzo,Miguel Hidalgo,True
13DFE100770/26FMGR99,"PLUS GRUPO INMOBILIARIO, S. A.DE C. V.",INDUSTRIAL,145000.0,0.145,1999-08-30,Angel Zimbron,Azcapotzalco,False
13DFE100771/26EMDA10,INSTITUTO MEXICANO DEL SEGURO SOCIAL UNIDAD MORELOS,SERVICIOS,32510.0,0.03251,1999-08-30,Vasco De Quiroga,Gustavo A. Madero,False
13DFE100772/26FMGR99,"INMUEBLES CANTABRIA, S. A. DE C. V.",INDUSTRIAL,15000.0,0.015,1999-08-30,Transito,Cuauhtemoc,False
13DFE100773/26FMGR99,"INDUSTRIAS ROJAS Y ASOCIADOS, S. A. DE C. V.",INDUSTRIAL,98761.0,0.098761,1999-08-30,Industrial Vallejo,Azcapotzalco,False
13DFE100777/26EMGR99,AUTOFINANCIAMIENTO MÉXICO S.A. DE C.V.,SERVICIOS,8432.0,0.008432,1999-09-13,Ciudad Universitaria,Coyoacan,False
13DFE100779/26FMDA11,"BAYER DE MEXICO, S.A. DE C.V.",INDUSTRIAL,3000.0,0.003,1999-11-03,Granada,Miguel Hidalgo,True
13DFE100785/26FMDA08,"GARCÍA BÁRCENA Y COMPAÑÍA, S.C.",INDUSTRIAL,36288.0,0.036288,2001-12-06,San Salvador Xochimanca,Azcapotzalco,False
13DFE100861/26FMGR06,"COMPAÑÍA HULERA TORNEL, S.A. DE C.V.",INDUSTRIAL,38000.0,0.038,2001-11-13,Industrial San Antonio,Azcapotzalco,False
13DFE100877/26FMOC07,"MALLINCKRODT MEDICAL, S. A. DE C.V.",INDUSTRIAL,50000.0,0.05,2003-02-04,Barrio San Miguel,Iztapalapa,False
13DFE100883/26FMDA16,"GRUPO ACYTEX, S. A. DE C. V.",INDUSTRIAL,93600.0,0.0936,2003-01-14,Moctezuma 2Da Secc,Venustiano Carranza,False
13DFE100942/26FMDA08,"CERVEZAS CUAUHTÉMOC MOCTEZUMA, S. A. DE C. V.",INDUSTRIAL,25000.0,0.025,2004-06-22,Euzkadi,Azcapotzalco,False
13DFE100970/26FMDA10,INSTITUTO TECNOLOGICO Y DE ESTUDIOS SUPERIORES DE MONTERREY,INDUSTRIAL,67000.0,0.067,2005-10-14,La Loma,Alvaro Obregon,True
13DFE100991/26FMOC07,"EMPAQUES DE CARTON UNITED, S. A DE C.V.",INDUSTRIAL,17000.0,0.017,2007-08-14,Popular Rastro,Venustiano Carranza,False
13DFE100993/26FMDA15,"THE AMERICAN BRITISH COWDRAY MEDICAL CENTER, I. A. P.",INDUSTRIAL,115000.0,0.115,2009-10-30,Las Tinajas,Cuajimalpa De Morelos,True
13DFE101030/26FMDA17,"HERDEZ, S.A. DE C.V.",INDUSTRIAL,100000.0,0.1,2010-02-15,Nueva Argentina,Miguel Hidalgo,True
13DFE101037/26FMOC07,"LEVADURA AZTECA, S. A. DE C.V.",INDUSTRIAL,15000.0,0.015,2007-06-11,Unidad Hab Nonoalco Tlatelolco,Cuauhtemoc,False
13DFE101067/26FMDA09,"BOEHRINGER INGELHEIM PROMECO, S.A. DE C.V.",INDUSTRIAL,148760.0,0.14876,2008-09-12,Unidad Hab Corporacion Xochimilco,Xochimilco,False
13DFE101084/26FMDA13,"BAYER DE MÉXICO, S.A. DE C.V.",INDUSTRIAL,40000.0,0.04,2013-04-30,Granada,Miguel Hidalgo,True
13DFE101085/26FMDA17,"FABRICA DE HIELO LA MODERNA, S.A. DE C.V.",INDUSTRIAL,20000.0,0.02,2008-09-12,San Salvador Xochimanca,Azcapotzalco,False
13DFE101101/26FMDA08,"VITRIUM DIVISION FARMACEUTICA, S.A. DE C.V.",INDUSTRIAL,7978.4,0.0079784,2009-02-04,Granjas Coapa,Tlalpan,False
13DFE101106/26EMDA11,INSTITUTO MEXICANO DEL SEGURO SOCIAL,SERVICIOS,400000.0,0.4,2009-04-13,Los Girasoles Iii,Coyoacan,False
13DFE101111/26FMDA17,"EMBOTELLADORA AGA DE MEXICO, S.A. DE C.V.",INDUSTRIAL,20514.0,0.020514,2009-05-14,Del Valle Sur,Benito Juarez,False
13DFE101113,"CIA. SHERWIN WILLIAMS, S.A. DE C,V.",INDUSTRIAL,10400.0,0.0104,2013-04-30,Industrial Vallejo,Azcapotzalco,False
13DFE101136/26JMDA11,LUZ Y FUERZA DEL CENTRO,GENERACIÓN DE ENERGÍA,40000.0,0.04,2011-09-30,Buenavista,Cuauhtemoc,False
13DFE101154/26FMDA11,SECRETARIA DE MEDIO AMBIENTE Y RECURSOS NATURALES,INDUSTRIAL,70064.0,0.070064,2012-05-15,Refineria 18 De Marzo,Miguel Hidalgo,True
13DFE101165/26JMDA11,LUZ Y FUERZA DEL CENTRO,GENERACIÓN DE ENERGÍA,33600.0,0.0336,2011-10-31,Tlaxpana,Miguel Hidalgo,True
13DFE101181/26EMDA12,"INMUEBLES GENERAL, S.A DE C.V.",SERVICIOS,287000.0,0.287,2012-03-22,Ampl Granada,Miguel Hidalgo,True
13DFE101182/26FMDA17,"INMOBILIARIA OLFAM, S.A. DE C.V.",INDUSTRIAL,29720.0,0.02972,2012-03-12,Industrial Vallejo,Azcapotzalco,False
13DFE150147/26FMDA18,"INMOBILIARIA GP, S.A. DE C.V.",INDUSTRIAL,40000.0,0.04,2013-01-08,Viejo Ejido Santa Ursula Coapa,Coyoacan,False
13DFE155954/26FMGC17,ALQUILADORA DE CASAS S.A. DE C.V.,INDUSTRIAL,245000.0,0.245,2017-11-20,Anahuac,Miguel Hidalgo,True
13DFE160038/26FMDA19,"TAPON CORONA, S. A. DE C. V.",INDUSTRIAL,11396.0,0.011396,2019-02-20,Unidad Hab Manuel Rivera Anaya,Azcapotzalco,False
13HGO100582/26EMDL08,"INDUSTRIAS CANNON, S.A. DE C.V.",SERVICIOS,40000.0,0.04,1997-08-27,Desierto De Los Leones,Cuajimalpa De Morelos,True
13MEX100006/26FMGR01,RICARDO LOPEZ GONZALEZ.,INDUSTRIAL,5987.0,0.005987,1994-05-20,Prados Del Rosario,Azcapotzalco,False
13MEX100115/26FMDA18,"HARINERA TLALNEPANTLA, S.A. DE C.V.",INDUSTRIAL,5000.0,0.005,1995-07-20,Industrial Vallejo,Azcapotzalco,False
13MEX100150/26FMGR05,"GRUPO INDUSTRIAL ASTRO, S. A. DE C. V.",INDUSTRIAL,24192.0,0.024192,1994-11-18,Infonavit El Rosario,Azcapotzalco,False
13MEX100524/26FMGR05,"TERCIOPELOS SELECTOS, S.A. DE C.V.",INDUSTRIAL,1200.0,0.0012,1997-03-12,Mexico Nuevo,Miguel Hidalgo,True
13MEX100557,INMOBILIARIA CARPER S.A DE C.V,INDUSTRIAL,11533.0,0.011533,1994-12-13,Infonavit El Rosario,Azcapotzalco,False
13MEX101184/26FMDA17,MOISES TARTAKOVSKI GODMAN Y COPROPIETARIOS,INDUSTRIAL,125000.0,0.125,1995-12-06,Ampl San Pedro Xalpa,Azcapotzalco,False
13MEX101209/26FMDA08,"CORRUGADOS Y PERFILES COMERCIALES, S.A. DE C.V.",INDUSTRIAL,5240.0,0.00524,1996-05-16,Prados Del Rosario,Azcapotzalco,False
13MEX101211/26FMDA17,"PROMOTORA AMIN, S.A. (COLORTEX, S.A. DE C.V.)",INDUSTRIAL,166360.0,0.16636,1995-11-06,San Lorenzo Tlaltenango,Miguel Hidalgo,True
13MEX101243/26FMGR04,"INMOBILIARIA BAME, S.A. DE C.V.",INDUSTRIAL,40000.0,0.04,1995-12-28,San Lorenzo Tlaltenango,Miguel Hidalgo,True
13MEX101247/26FMDA09,"UNIDAD TEXTIL PUENTE, S. A. DE C. V.",INDUSTRIAL,15802.0,0.015802,1997-07-01,Infonavit El Rosario,Azcapotzalco,False
13MEX101277/26FMDA09,"PROCTER & GAMBLE MANUFACTURA, S. DE R. L. DE C. V.",INDUSTRIAL,45000.0,0.045,1995-11-28,Ampl San Pedro Xalpa,Azcapotzalco,False
13MEX101287/26FMGR06,"ALIMENTOS INDUSTRIALES, S.A. DE C.V.",INDUSTRIAL,2827.0,0.002827,1995-11-29,Nueva Atzacoalco,Gustavo A. Madero,False
13MEX101573/26IMGR06,RODOLFO ZANELLA SCHIEVENINI,DIFERENTES USOS,6000.0,0.006,1996-10-02,Plan De Ayala,Tlalpan,False
13MEX102159/26FMDA16,"EL LEON, S.A. DE C.V.",INDUSTRIAL,2641.0,0.002641,1996-05-06,Ampl San Pedro Xalpa,Azcapotzalco,False
13MEX102311/26EMDA08,"DETROIT INDUSTRIA TERMICA, S. A. DE C.V.",SERVICIOS,1600.0,0.0016,1996-07-04,Juan Gonzalez Romero,Gustavo A. Madero,False
13MEX102603/26FMDA08,"INMOBILIARIA ECFA, S. A. DE C. V.",INDUSTRIAL,50000.0,0.05,1997-04-15,Infonavit El Rosario,Azcapotzalco,False
13MEX102623/26FMDA13,"EL PATO, S.A. DE C.V.",INDUSTRIAL,4042.0,0.004042,1997-06-24,San Lorenzo Tlaltenango,Miguel Hidalgo,True
13MEX103331/26FMGR97,"ROBERTO FRANCISCO ARNSTEIN RADA Y/O INDUSTRIAS A B C, S. A. DE C. V.",INDUSTRIAL,3215.0,0.003215,1997-12-31,Nueva Argentina,Miguel Hidalgo,True
13MEX104082/26FPGR98,"TUAL INDUSTRIAL, S.A. DE C.V.",INDUSTRIAL,399.0,0.000399,1999-01-13,Unidad Ecologica Novedades Impacto,Azcapotzalco,False
13MEX104245/26HSDA16,"ORGANISMO PUBLICO DESCENTRALIZADO PARA LA PRESTACION DE LOS SERVICIOS DE AGUA POTABLE, ALCANTARILLADO Y SANEAMIENTO DEL MUNICIPIO DE TLALNEPANTLA",PÚBLICO URBANO,874591.25,0.87459125,1999-12-14,Industrial Vallejo,Azcapotzalco,False
13MEX104269/26AMGR99,"AGUSTINA AJA GOMEZ, MARIA CRISTINA GUTIERREZ AJA, PEDRO GUTIERREZ AJA, LUIS GUTIERREZ AJA, AGUSTIN GUTIERREZ AJA, JESUS GUTIERREZ AJA Y JERONIMO GUTIERREZ AJA.",AGRÍCOLA,42048.0,0.042048,1999-04-26,Del Pedregal,Coyoacan,False
13MEX105329/26HMDA08,"SISTEMA DE AGUA POTABLE LOS REYES ACOZAC, MEXICO, A. C.",PÚBLICO URBANO,709560.0,0.70956,1999-10-18,Quiahuatla,Tlahuac,False
13MEX105358/26FMDA11,"GRUPO INDUSTRIAL ASTRO, S. A. DE C. V.",INDUSTRIAL,70000.0,0.07,1999-11-10,Santo Tomas Ajusco,Tlalpan,False
13MEX105360/26FMDA10,"UNIDAD TEXTIL PUENTE, S. A. DE C. V.",INDUSTRIAL,54820.0,0.05482,1999-12-13,Infonavit El Rosario,Azcapotzalco,False
13MEX105379/26IMGR99,JOSEFINA MONTE AJA Y MANUEL MODESTO MONTE FERNANDEZ,DIFERENTES USOS,1493000.0,1.493,2000-01-24,Luis Echeverria Alvarez,Iztapalapa,False
13MEX106023/26AMGR00,"POLICARPO ERNESTO, DONACIANO, ROSA MARIA, IRMA LETICIA, PERLA HILARIA, BLANCA LIVI Y JULIAN PEREZ CERON, DIONISIO Y MA. DEL ROCIO PEREZ HERNANDEZ",AGRÍCOLA,12000.0,0.012,2000-02-21,Ampl Emiliano Zapata,Iztapalapa,False
13MEX108090/26AMDA09,JOSE ANTONIO ZECHINELLI NANI Y COPROPIETARIOS,AGRÍCOLA,4800.0,0.0048,2009-02-13,Tepetitla,Tlalpan,False
13MEX109161,"DESARROLLO DE INGENIERIA CIVIL, S.A.",SERVICIOS,77280.0,0.07728,2018-07-11,La Navidad,Cuajimalpa De Morelos,True
13MEX159665/26FMGC17,"TEXLAMEX, S. A. DE C.V.",INDUSTRIAL,126000.0,0.126,2018-02-19,Ampl San Pedro Xalpa,Azcapotzalco,False
13MEX159815/26FMDA18,"SIGMA ALIMENTOS IMPORTACIONES, S.A. DE C.V.",INDUSTRIAL,390717.4,0.39071740000000005,2018-07-10,Juan Gonzalez Romero,Gustavo A. Madero,False
13MEX160075/26EMDA18,"CIBANCO, S.A.,I.B.M., FIDUCIARIO EN EL FIDEICOMISO CIB/2032",SERVICIOS,232000.0,0.232,2018-11-28,Juarez,Cuauhtemoc,False
13MEX160076/26EMDA18,"INMOBILIARIA GOCOS, S.A. DE C.V.",SERVICIOS,160000.0,0.16,2018-11-28,Jardines Del Pedregal,Alvaro Obregon,True
13MEX160082/26EMDA18,"INMOBILIARIA JERONIMO, S.A. DE C.V.",SERVICIOS,40000.0,0.04,2018-11-28,Pedregal De San Jeronimo,La Magdalena Contreras,True
5DFE100001/26FMGR94,"SUPER BAÑOS CALETA, S.A. DE C.V.",INDUSTRIAL,4060.0,0.00406,1994-05-23,Obrera,Cuauhtemoc,False
5DFE100003/26FMGR94,MANUEL MUÑOS MUÑOS /BAÑOS RIVIERA,INDUSTRIAL,97200.0,0.0972,1994-06-23,Mixcoac,Benito Juarez,False
5DFE100066/26FMGR94,"SYNTEX, S.A. DE C.V.",INDUSTRIAL,13530.0,0.01353,1994-11-24,Lomas De Santa Fe,Alvaro Obregon,True
5DFE100121/26FMGR95,"INMOBILIARIA SAN ANTOLIN, S.A. DE C.V.",INDUSTRIAL,964656.0,0.964656,1995-09-07,Santa Cruz De Las Salinas,Azcapotzalco,False
5DFE100123/26FMGR95,"EMPAQUES DE CARTON UNITED, S.A. DE C.V.",INDUSTRIAL,16200.0,0.0162,1995-09-07,Popular Rastro,Venustiano Carranza,False
5DFE100131/26FMGR95,"PRODUCTOS PUENTE, S.A. DE C.V.",INDUSTRIAL,43200.0,0.0432,1997-06-03,Moctezuma 2Da Secc,Venustiano Carranza,False
5DFE100133/26FMGR95,"EL DUERO, S.A. DE C.V.",INDUSTRIAL,12528.0,0.012528,1995-09-07,Los Morales Secc Palmas,Miguel Hidalgo,True
5DFE100140/26FMGR95,"TEXTIL LANERA, S.A. DE C.V.",INDUSTRIAL,51090.0,0.05109,1995-11-28,Industrial Vallejo,Azcapotzalco,False
5DFE100146/26FMGR95,"PIRAMIDE, S.A. DE C.V.",INDUSTRIAL,22457.0,0.022457,1995-08-15,Manzanos,Miguel Hidalgo,True
5DFE100531/26FMGR96,"PROPIMEX, S. A. DE C. V.",INDUSTRIAL,4495.0,0.004495,1996-11-05,Santa Maria La Ribera,Cuauhtemoc,False
5DFE100578/26FMGR96,"INMOBILIARIA INDUSTRIMEX, S. A. DE C.V.",INDUSTRIAL,9102.0,0.009102,1996-04-23,Agricola Oriental,Iztacalco,False
5DFE100632/26CMGR96,DR. GUSTAVO BAZ DIAZ LOMBARDO,DOMÉSTICO,290.0,0.00029,1996-08-07,San Jeronimo Lidice,La Magdalena Contreras,True
5DFE100636/26EMGR96,MANUEL SIEIRO CASTRO/BAÑOS CHOPO,SERVICIOS,1126.0,0.001126,1997-02-07,Santa Maria La Ribera,Cuauhtemoc,False
5DFE100644/26FMGR96,"INMOBILIARIA MOTKE, S. A. DE C. V.",INDUSTRIAL,21600.0,0.0216,1996-11-02,Veronica Anzures,Miguel Hidalgo,True
5DFE100647/26FMGR96,"PISOS ALFER, S.A. DE C.V. /GUILLERMO FERNANDEZ DE LA PARRA",INDUSTRIAL,240.0,0.00024,1997-06-03,Industrial Vallejo,Azcapotzalco,False
5DFE100652/26FMGR96,"MOLINO DE TRIGO LA ESPERANZA, S. A.",INDUSTRIAL,1112.0,0.001112,1996-11-21,Atlampa,Cuauhtemoc,False
5DFE100654/26FMGR96,ANA MARIA SOTRES DE DEL VALLE,INDUSTRIAL,26730.0,0.02673,1996-11-21,Nueva Argentina,Miguel Hidalgo,True
5DFE100656/26FMGR96,"FABRICA NACIONAL DE MALTA, S. A. DE C. V.",INDUSTRIAL,32400.0,0.0324,1996-11-21,Lorenzo Boturini,Venustiano Carranza,False
5DFE100657/26EMGR96,SECRETARIA DE COMUNICACIONES Y TRANSPORTES,SERVICIOS,3000.0,0.003,1996-10-24,Alamos,Benito Juarez,False
5MEX100037/26FMGR94,"ACEITES INDUSTRIALES EL ZAPOTE, S.A. DE C.V.",INDUSTRIAL,120000.0,0.12,1994-05-31,Infonavit El Rosario,Azcapotzalco,False
5MEX100103/26FMGR94,"VIDRIO PLANO DE MEXICO, S.A. DE C.V.",INDUSTRIAL,7884.0,0.007884,1994-12-30,Acueducto,Gustavo A. Madero,False
5MEX100104/26FMGR94,"VIDRIO PLANO DE MEXICO, S.A. DE C.V.",INDUSTRIAL,118260.0,0.11826,1994-12-30,El Risco Ctm,Gustavo A. Madero,False
5MEX100146/26FMGR94,"ELECTROPURA, S. DE R.L. DE C.V.",INDUSTRIAL,471360.0,0.47136,1997-06-30,Infonavit El Rosario,Azcapotzalco,False
5MEX100824/26FMGR95,"KIMBERLY CLARK DE MEXICO, S.A. DE C.V.",INDUSTRIAL,239840.0,0.23984,1995-11-15,San Lorenzo Tlaltenango,Miguel Hidalgo,True
5MEX102153/26FMGR96,"INMOBILIARIA PEGASO, S. A. DE C. V.",INDUSTRIAL,38361.0,0.038361,1996-05-16,3Ra Secc Del Bosque De Chapultepec,Miguel Hidalgo,True
5MEX102179/26FMGR96,"ATWOMEK, S. A.",INDUSTRIAL,18289.0,0.018289,1997-08-27,San Lorenzo Tlaltenango,Miguel Hidalgo,True
5MEX102180/26FMGR96,"CRYOINFRA, S. A. DE C. V.",INDUSTRIAL,368000.0,0.368,1996-06-06,Lomas De Sotelo,Miguel Hidalgo,True
5MEX102376/26IMGR96,RANCHO SAN IGNACIO,DIFERENTES USOS,6000.0,0.006,1996-09-19,El Arenal,Xochimilco,False
811078,"TELEVISA, S.A. DE C.V.",SERVICIOS,450000.0,0.45,2019-06-27,Santa Ursula Coapa,Coyoacan,False
812744,FIM-TIERRA UNO S. DE R.L. DE C,SERVICIOS,270720.0,0.27072,2021-09-09,Pensil Norte,Miguel Hidalgo,True
816905,LERMA SA,SERVICIOS,14701.0,0.014701,2019-12-20,Juarez,Cuauhtemoc,False
823884,EMBOTELLADORA MEXICANA DE BEBIDAS REFRESCANTES S. DE R.L. DE C,INDUSTRIAL,1128200.0,1.1282,2022-10-07,Atlampa,Cuauhtemoc,False
827554,INMOBILIARIA BIMBO AZCAPOTZALCO S.A. DE C.V.,DIFERENTES USOS,91000.0,0.091,2020-10-28,Santo Domingo,Azcapotzalco,False
833165,LA IGLESIA DE JESUCRISTO DE LOS SANTOS DE LOS ULTIMOS DIAS EN MEXICO A.R.,SERVICIOS,100000.0,0.1,2021-08-02,Solidaridad Nacional,Gustavo A. Madero,False
836038,"INMOBILIARIA GOCOS, S.A. DE C.V.",SERVICIOS,1500.0,0.0015,2021-09-21,Jardines Del Pedregal,Alvaro Obregon,True
836615,"ASOCIACION CRISTIANA DE JOVENES DE LA CD. DE MEXICO (YMCA), A.C.",SERVICIOS,7106.4,0.0071064,2024-02-22,Anahuac,Miguel Hidalgo,True
837932,NACIONAL DE COBRE S.A. DE C.V.,INDUSTRIAL,4100.0,0.0041,2021-05-25,Industrial Vallejo,Azcapotzalco,False
838721,"COMPAÑIA LANERA DE MEXICO, S.A. DE C.V.",INDUSTRIAL,19814.0,0.019814,2021-06-04,Nueva Argentina,Miguel Hidalgo,True
839279,"PROMOTORA FM, S.A. DE C.V.",SERVICIOS,264880.0,0.26488,2022-07-04,Lomas Del Chamizal 4Ta Secc,Cuajimalpa De Morelos,True
839290,"RESIDENCIAL BOSQUES & INTERLOMAS, S.A. DE C.V.",SERVICIOS,174040.0,0.17404,2023-06-30,La Navidad,Cuajimalpa De Morelos,True
839404,"PRODUCTOS MARINELA, S.A. DE C.V.",INDUSTRIAL,5000.0,0.005,2021-07-13,Lomas De Sotelo,Miguel Hidalgo,True
840620,"BEBIDAS PURIFICADAS, S, DE R.L. DE C.V.",INDUSTRIAL,510000.0,0.51,2024-05-23,Maestros De Iztacalco,Iztacalco,False
842195,"FERROCARRIL Y TERMINAL DEL VALLE DE MEXICO, S.A. DE C.V.",SERVICIOS,5000.0,0.005,2022-04-05,Santa Rosa,Gustavo A. Madero,False
842196,"INMOBILIARIA RONCESVALLES, S.A. DE C.V.",INDUSTRIAL,20000.0,0.02,2021-09-21,Granjas San Antonio,Iztapalapa,False
842910,"FIM-TIERRA UNO, S. DE R.L. DE C.V.",SERVICIOS,360000.0,0.36,2021-10-22,Ampl Granada,Miguel Hidalgo,True
843827,"CIA HARINERA DE MEXICO, S.A. DE C.V.",INDUSTRIAL,4555.0,0.004555,2022-10-21,Atlampa,Cuauhtemoc,False
844448,"GRUPO PROMOTOR DE HUIXQUILUCAN, S. DE R.L. DE C.V.",SERVICIOS,200000.0,0.2,2022-08-30,Ahuatenco,Cuajimalpa De Morelos,True
844816,"ENVASADORAS DE AGUAS EN MEXICO, S. DE R.L. DE C.V.",INDUSTRIAL,332400.0,0.3324,2022-07-19,Industrial Vallejo,Azcapotzalco,False
844865,COMERCIAL INMOBILIARIA REAL DE MEXICO S.A. DE C.V.,SERVICIOS,160000.0,0.16,2023-12-18,Ciudad De Los Deportes,Benito Juarez,False
845764,"INDUSTRIAS LACTEAS DE VALLEJO, S. DE R.L. DE C.V.",INDUSTRIAL,46018.0,0.046018,2022-06-03,Industrial Vallejo,Azcapotzalco,False
846336,"CIBANCO, S.A. I.B.M COMO FIDUCIARIO DEL FIDEICOMISO CIB/2191",SERVICIOS,30000.0,0.03,2023-07-19,Granada,Miguel Hidalgo,True
847184,"BEBIDAS PURIFICADAS, S. DE R.L. DE C.V.",INDUSTRIAL,511392.0,0.511392,2022-08-05,Maestros De Iztacalco,Iztacalco,False
847477,"OPTIFIN, S.A.P.I. DE C.V.",SERVICIOS,285200.0,0.2852,2022-07-01,Barrio San Miguel Mixquic,Tlahuac,False
847588,"ODIPARK 990, S.A.",INDUSTRIAL,70000.0,0.07,2022-07-19,Ferreria,Azcapotzalco,False
850539,"CONSTRUCTORA EL TOREO, S.A. DE C.V.",SERVICIOS,300000.0,0.3,2023-11-09,Lomas De Sotelo,Miguel Hidalgo,True
850978,"INTERLOMAS PARQUE CLUB, S.A. DE C.V.",SERVICIOS,1235000.0,1.235,2022-12-12,La Navidad,Cuajimalpa De Morelos,True
852626,"COMPAÑIA HULERA TACUBA, S.A. DE C.V.",INDUSTRIAL,30000.0,0.03,2023-11-23,Argentina Antigua,Miguel Hidalgo,True
854245,"PRONAV, S.A. DE C.V.",INDUSTRIAL,15000.0,0.015,2023-04-03,San Miguel Teotongo (Secc Las Torr),Iztapalapa,False
857336,"BUNGE COMERCIAL, S.A. DE C.V.",INDUSTRIAL,30000.0,0.03,2024-08-14,Industrial Vallejo,Azcapotzalco,False
859646,INMOBILIARIA PARQUE REFORMA S.A. DE C.V.,SERVICIOS,315360.0,0.31536,2024-03-08,Santa Maria La Ribera,Cuauhtemoc,False
861259,"INMUEBLES GENERAL, S.A. DE C.V.",SERVICIOS,29864.0,0.029864,2024-06-26,Doctores,Cuauhtemoc,False
862680,"NUGAR, S.A. DE C.V.",INDUSTRIAL,68575.0,0.068575,2024-07-09,Prados Del Rosario,Azcapotzalco,False
865770,"INMOBILIARIA NAVIGATOR, S.C. A.C.",SERVICIOS,100000.0,0.1,2025-04-14,Industrial Vallejo,Azcapotzalco,False
DFE100006,LA IGLESIA DE JESUCRISTO DE LOS SANTOS DE LOS ULTIMOS DIAS EN MEXICO A.R.,SERVICIOS,130000.0,0.13,1994-11-29,Solidaridad Nacional,Gustavo A. Madero,False
DFE100008,"FERMIC, S.A. DE C.V.",INDUSTRIAL,513000.0,0.513,1994-06-08,Granjas Estrella,Iztapalapa,False
DFE100009,"INDUX, S.A. DE C.V.",INDUSTRIAL,18000.0,0.018,1994-06-30,Bosques 1Ra Secc,Alvaro Obregon,True
DFE100047,CENTRO DEPORTIVO CHAPULTEPEC A.C.,SERVICIOS,6978.0,0.006978,1995-05-30,1Ra Secc Del Bosque De Chapultepec,Miguel Hidalgo,True
DFE100060,"COBRE DE MEXICO, S.A. DE C.V.",INDUSTRIAL,149073.0,0.149073,1995-04-11,San Salvador Xochimanca,Azcapotzalco,False
DFE100064,"LAVANDERIA LA EUROPEA, S.A. DE C.V.",INDUSTRIAL,77328.0,0.077328,1994-11-22,Anahuac,Miguel Hidalgo,True
DFE100074,"FUNDACION DE AYUDA A LA ANCIANIDAD, INSTITUCION DE ASISTENCIA PRIVADA",SERVICIOS,1700.0,0.0017,1995-07-12,San Angel,Alvaro Obregon,True
DFE100080,"NUEVA ESCUELA JUSTO SIERRA, A.C.",SERVICIOS,52024.0,0.052024,1995-03-29,Santa Maria Insurgentes,Cuauhtemoc,False
DFE100098,"INDUSTRIAS UNIDAS, S.A. DE C.V.",INDUSTRIAL,17187.0,0.017187,1995-07-25,Ampl San Juan De Aragon,Gustavo A. Madero,False
DFE100111,"COMPAÑIA PAPELERA EL FENIX, S.A. DE C.V.",INDUSTRIAL,15000.0,0.015,1995-07-17,Ampl Del Gas,Azcapotzalco,False
DFE100150,CIRCULO FRANCES DE MEXICO A.C.,SERVICIOS,114559.0,0.114559,1996-07-04,Florida,Alvaro Obregon,True
DFE100168,PANIFICACION BIMBO,INDUSTRIAL,105120.0,0.10512,1996-02-27,Unidad Hab San Pablo Xalpa,Azcapotzalco,False
DFE100173,"INMOBILIARIA EZCO, S.A.",INDUSTRIAL,103680.0,0.10368,1996-02-19,Granjas Estrella,Iztapalapa,False
DFE100504,"GRUPO GAMESA, S. DE R.L. DE C.V.",INDUSTRIAL,110498.0,0.110498,1996-07-04,Santa Cruz De Las Salinas,Azcapotzalco,False
DFE100506,PARQUE ARTURO MUNDET A.C.,INDUSTRIAL,118510.0,0.11851,1996-05-06,Irrigacion,Miguel Hidalgo,True
DFE100516,"INDUSTRIAS J.L.C., S.A. DE C.V.",INDUSTRIAL,67015.0,0.067015,1996-05-16,San Juan Xalpa,Iztapalapa,False
DFE100541,"INDUSTRIA DE REFRESCOS, S. DE R.L. DE C.V.",INDUSTRIAL,180596.0,0.180596,1996-10-02,San Salvador Xochimanca,Azcapotzalco,False
DFE100545,"PROCTER & GAMBLE MANUFACTURING, S. DE R.L. DE C.V.",INDUSTRIAL,765880.0,0.76588,1996-05-16,Industrial Vallejo,Azcapotzalco,False
DFE100552,LA SUIZA SA DE CV S.A. DE C.V.,INDUSTRIAL,7000.0,0.007,1996-09-19,Ex Hipodromo De Peralvillo,Cuauhtemoc,False
DFE100631,INSTITUTO TECNOLOGICO Y DE ESTUDIOS SUPERIORES DE MONTERREY,SERVICIOS,50000.0,0.05,1996-08-14,San Bartolo El Chico,Tlalpan,False
DFE100691,"INMOBILIARIA FAUSTO SUAREZ, S.A. DE C.V.",INDUSTRIAL,68.0,6.8e-05,1997-03-12,Nva Industrial Vallejo,Gustavo A. Madero,False
DFE100756,"FANTASIAS MIGUEL, S.A. DE C.V.",INDUSTRIAL,20000.0,0.02,1999-06-28,Anahuac Mariano Escobedo,Miguel Hidalgo,True
DFE100778,UNIVERSIDAD NACIONAL AUTONOMA DE MEXICO SIN TIPO DE SOC,SERVICIOS,531482.0,0.531482,1999-10-18,Ciudad Universitaria,Coyoacan,False
DFE100884,"INDUSTRIA DE REFRESCOS, S. DE R.L. DE C.V.",INDUSTRIAL,290000.0,0.29,2002-05-10,Santa Cruz De Las Salinas,Azcapotzalco,False
DFE100936,"FABRICA DE HIELO LA SIBERIA, S.A. DE C.V.",INDUSTRIAL,90000.0,0.09,2004-04-02,Granjas Modernas,Gustavo A. Madero,False
DFE100937,"FABRICA DE HIELO LA MODERNA, S. A. DE C .V. S.A. DE C.V.",INDUSTRIAL,130000.0,0.13,2004-04-02,San Salvador Xochimanca,Azcapotzalco,False
DFE101040,"WYETH, S. DE R.L. DE C.V.",INDUSTRIAL,130000.0,0.13,2008-02-26,Industrial Vallejo,Azcapotzalco,False
DFE101059,"BEBIDAS PURIFICADAS, S. DE .R.L. DE C.V.",INDUSTRIAL,206759.0,0.206759,2008-07-28,Maestros De Iztacalco,Iztacalco,False
DFE101189,"MEXOPORO, S.C.",INDUSTRIAL,18000.0,0.018,2013-04-30,Olivar De Los Padres,Alvaro Obregon,True
DFE155947,ENVASADORAS DE AGUAS EN MEXICO S. DE R.L. DE C.V.,INDUSTRIAL,160526.0,0.160526,2017-07-12,Industrial Vallejo,Azcapotzalco,False
MEX100005,"CELULOSAS MAIRO, S. DE R.L. DE C.V.",INDUSTRIAL,27000.0,0.027,1994-06-23,San Miguel Teotongo (Secc Mercedes),Iztapalapa,False
MEX100549,"MANUFACTURAS KALTEX, S. A. DE C. V. S.A. DE C.V.",INDUSTRIAL,37440.0,0.03744,1995-09-07,Lomas De Sotelo,Miguel Hidalgo,True
MEX100554,FABRICA NACIONAL DE LIJA S.A. DE C.V.,INDUSTRIAL,26661.0,0.026661,1994-12-13,Infonavit El Rosario,Azcapotzalco,False
MEX100556,INMOBILIARIA CARPER S.A. DE C.V.,INDUSTRIAL,16398.0,0.016398,1994-12-13,Infonavit El Rosario,Azcapotzalco,False
MEX100577,"EMPAQUES MODERNOS SAN PABLO, S. DE R.L. DE C.V.",INDUSTRIAL,471398.0,0.471398,1995-07-07,Santa Barbara,Azcapotzalco,False
MEX101191,"GRUPO SMURFIT MEXICO, S.A. DE C.V.",INDUSTRIAL,2550.0,0.00255,1996-02-19,Ampl San Pedro Xalpa,Azcapotzalco,False
MEX101210,"INMOBILIARIA DE INDUSTRIAS, S.A. Y COLORTEX, S.A. DE C.V.",INDUSTRIAL,252736.0,0.252736,1995-11-06,Ampl San Pedro Xalpa,Azcapotzalco,False
MEX101278,"PROCTER & GAMBLE MANUFACTURING MEXICO, S. DE R.L. DE C.V.",INDUSTRIAL,25000.0,0.025,1995-11-29,Ampl San Pedro Xalpa,Azcapotzalco,False
MEX102608,GRUPO LA FLORIDA MEXICO S. A. DE C. V.,INDUSTRIAL,431176.0,0.431176,1997-06-04,Industrial Vallejo,Azcapotzalco,False
MEX102644,"MEXICHEM RESINAS VINILICAS, S.A. DE C.V.",INDUSTRIAL,140068.0,0.140068,1998-01-20,Guadalupe Ticoman,Gustavo A. Madero,False
MEX104873,ANTONIO NOVOA GARCIA,INDUSTRIAL,21000.0,0.021,1999-12-27,Barrio San Andres,Azcapotzalco,False
MEX106159,"ABUD ATTIE DAYAN, MARIA LANIADO SAADE, ISIDORO ATTIE LANIADO, ISAAC ATTIE LANIADO",INDUSTRIAL,45000.0,0.045,2001-12-06,Ampl San Pedro Xalpa,Azcapotzalco,False
MEX150239,TRANSPO S. A DE C. V.,INDUSTRIAL,339196.0,0.339196,2013-07-04,Industrial Vallejo,Azcapotzalco,False
